"Seed","Est","SE","Est.1","SE.1","Est.0","SE.0"
1,-1.87444345916879,2.34017989574465,-6.71297482024211,1.92420503084911,-4.83853136107332,1.30371242224715
2,0.893447241490868,2.48315853411139,-3.94508411958245,2.11799010455511,-4.83853136107332,1.30371242224715
3,-1.05387207775943,2.16496893263604,-5.89240343883275,1.72278986279711,-4.83853136107332,1.30371242224715
4,-0.444491614801635,2.33198230814748,-5.28302297587495,1.92005059187468,-4.83853136107332,1.30371242224715
5,-1.31518438452666,2.41060686542786,-6.15371574559998,1.9980939950966,-4.83853136107332,1.30371242224715
6,-1.02206150955609,2.42939485526711,-5.86059287062941,2.03265001862423,-4.83853136107332,1.30371242224715
7,1.20624830487406,2.49999242044509,-3.63228305619926,2.16958012255732,-4.83853136107332,1.30371242224715
8,-2.0796085407056,2.47212653320815,-6.91813990177892,2.06699494222917,-4.83853136107332,1.30371242224715
9,-3.23513633508989,2.36657268542366,-8.07366769616321,1.94812313977644,-4.83853136107332,1.30371242224715
10,-1.57762359316743,2.23972369682817,-6.41615495424075,1.8067841653796,-4.83853136107332,1.30371242224715
11,-2.08393956466231,2.27544847499265,-6.92247092573563,1.83109436292969,-4.83853136107332,1.30371242224715
12,-1.12707881710923,2.15845505942885,-5.96561017818255,1.69161973195905,-4.83853136107332,1.30371242224715
13,-2.39034311654106,2.23135305057499,-7.22887447761438,1.787790441074,-4.83853136107332,1.30371242224715
14,-5.29077284196905,2.60702232730941,-10.1293042030424,2.24852102168539,-4.83853136107332,1.30371242224715
15,1.51253209537929,2.86946080275291,-3.32599926569403,2.54958548577713,-4.83853136107332,1.30371242224715
16,2.45251229949937,2.44289689921257,-2.38601906157395,2.07406420285465,-4.83853136107332,1.30371242224715
17,-0.977537146406869,2.40747581635845,-5.81606850748019,2.05932493496603,-4.83853136107332,1.30371242224715
18,-0.615663752926017,2.40696226415687,-5.45419511399934,1.99472362661662,-4.83853136107332,1.30371242224715
19,-2.16750580728634,2.14750963726839,-7.00603716835966,1.69947947401585,-4.83853136107332,1.30371242224715
20,-1.1925450647231,2.32546620187517,-6.03107642579642,1.92127639764967,-4.83853136107332,1.30371242224715
21,-2.1811644240274,2.35441523045876,-7.01969578510072,1.95202072796065,-4.83853136107332,1.30371242224715
22,-0.690645389307459,2.3151600798307,-5.52917675038078,1.9115080469497,-4.83853136107332,1.30371242224715
23,-1.962738501787,3.02457595819706,-6.80126986286032,2.67339490747914,-4.83853136107332,1.30371242224715
24,-1.28428529913207,2.39169281946724,-6.12281666020539,1.99036495598475,-4.83853136107332,1.30371242224715
25,-1.95952345952024,2.27629515416936,-6.79805482059356,1.86864705452043,-4.83853136107332,1.30371242224715
26,-1.44627404267791,2.21726228941194,-6.28480540375123,1.78328171039415,-4.83853136107332,1.30371242224715
27,-1.81016081430588,2.50744675857905,-6.6486921753792,2.13587474532065,-4.83853136107332,1.30371242224715
28,-1.14983551676587,2.12540947243108,-5.98836687783919,1.65203466278553,-4.83853136107332,1.30371242224715
29,-0.377944795437314,2.34095124874436,-5.21647615651063,1.96334726632132,-4.83853136107332,1.30371242224715
30,-4.06209745048413,2.4174370369758,-8.90062881155745,2.01538271717161,-4.83853136107332,1.30371242224715
31,-0.521616322774157,2.33507841655441,-5.36014768384748,1.90228375210158,-4.83853136107332,1.30371242224715
32,-2.41217096138981,2.48504806499091,-7.25070232246313,2.11528306087134,-4.83853136107332,1.30371242224715
33,-1.53736529074445,2.32087185022838,-6.37589665181777,1.92417201063539,-4.83853136107332,1.30371242224715
34,-1.18891562322963,2.30941693795266,-6.02744698430295,1.87564505741416,-4.83853136107332,1.30371242224715
35,-1.87251864201882,2.10055036138016,-6.71105000309213,1.64327538428346,-4.83853136107332,1.30371242224715
36,0.446587296223069,2.30064668135201,-4.39194406485025,1.90108418373094,-4.83853136107332,1.30371242224715
37,-2.5661629823328,2.40572013683237,-7.40469434340612,1.99164883606517,-4.83853136107332,1.30371242224715
38,-1.12987061779943,2.26737599887391,-5.96840197887275,1.83560686717414,-4.83853136107332,1.30371242224715
39,-1.09865340864134,2.27557354005719,-5.93718476971466,1.83707532698825,-4.83853136107332,1.30371242224715
40,-1.38654025203665,2.38451641954901,-6.22507161310996,2.00555793621348,-4.83853136107332,1.30371242224715
41,-0.962388276747162,2.30291185236948,-5.80091963782048,1.90330329647458,-4.83853136107332,1.30371242224715
42,-0.0707018330691608,2.59418093755734,-4.90923319414248,2.24681922620351,-4.83853136107332,1.30371242224715
43,-2.10758893746378,2.24359298763977,-6.9461202985371,1.82323485219077,-4.83853136107332,1.30371242224715
44,-1.56318259238702,2.38132761047762,-6.40171395346034,1.98345152087939,-4.83853136107332,1.30371242224715
45,-1.28303742069755,2.40351231916907,-6.12156878177087,1.98817615782303,-4.83853136107332,1.30371242224715
46,-1.00123541633466,2.38832189325551,-5.83976677740798,2.01001040357764,-4.83853136107332,1.30371242224715
47,-3.91463848591033,2.40475924949164,-8.75316984698365,1.98603683730876,-4.83853136107332,1.30371242224715
48,0.200031535363565,2.40127277276517,-4.63849982570975,2.01355204734725,-4.83853136107332,1.30371242224715
49,-0.975220435090852,2.1325953565574,-5.81375179616417,1.67495551479127,-4.83853136107332,1.30371242224715
50,0.291153944549434,2.4897817480742,-4.54737741652388,2.12517926496443,-4.83853136107332,1.30371242224715
51,-1.96998068073532,2.21774396649943,-6.80851204180864,1.77003367293642,-4.83853136107332,1.30371242224715
52,-0.376076755179361,2.17883440585642,-5.21460811625268,1.75316298455642,-4.83853136107332,1.30371242224715
53,-0.629745452522127,2.13808190977126,-5.46827681359545,1.68300708995553,-4.83853136107332,1.30371242224715
54,-1.39092171683801,2.2729088661408,-6.22945307791133,1.86524358423465,-4.83853136107332,1.30371242224715
55,-2.51199007045447,2.17597452974894,-7.35052143152778,1.72718272652077,-4.83853136107332,1.30371242224715
56,-2.636525979395,2.25572003432253,-7.47505734046832,1.83711601201105,-4.83853136107332,1.30371242224715
57,0.850554605639427,2.49184855969086,-3.98797675543389,2.11058434929165,-4.83853136107332,1.30371242224715
58,-1.52535573445454,2.23075772205994,-6.36388709552786,1.77657303548402,-4.83853136107332,1.30371242224715
59,-1.18166278642554,2.21758799197272,-6.02019414749886,1.79858255984312,-4.83853136107332,1.30371242224715
60,0.155592973187641,2.35115810950786,-4.68293838788568,1.96351584882835,-4.83853136107332,1.30371242224715
61,-2.62237444389493,2.31104235814039,-7.46090580496825,1.92268774299733,-4.83853136107332,1.30371242224715
62,-1.19997385555764,2.58884231361317,-6.03850521663096,2.24120109910526,-4.83853136107332,1.30371242224715
63,-1.26953447226495,2.27604141658421,-6.10806583333827,1.84753938656615,-4.83853136107332,1.30371242224715
64,0.0221222999260172,2.27411952622135,-4.8164090611473,1.86555131273552,-4.83853136107332,1.30371242224715
65,0.271907964939082,2.22774827592481,-4.56662339613424,1.81089183313238,-4.83853136107332,1.30371242224715
66,0.943610979470404,2.32868361168791,-3.89492038160291,1.9283982120161,-4.83853136107332,1.30371242224715
67,-0.691886170278334,2.25144720625699,-5.53041753135165,1.84726944876334,-4.83853136107332,1.30371242224715
68,-0.959593823226172,2.24785965480042,-5.79812518429949,1.83717264425105,-4.83853136107332,1.30371242224715
69,-3.09946660310421,2.49176113707325,-7.93799796417753,2.10929557046386,-4.83853136107332,1.30371242224715
70,-1.66464576522556,2.22968339304675,-6.50317712629887,1.80808758321658,-4.83853136107332,1.30371242224715
71,-1.60090549122244,2.18619606477149,-6.43943685229576,1.75505968068935,-4.83853136107332,1.30371242224715
72,-0.566217057381739,2.27309360267255,-5.40474841845506,1.86691937860087,-4.83853136107332,1.30371242224715
73,-0.969596833178689,2.35031094924151,-5.80812819425201,1.9513797293749,-4.83853136107332,1.30371242224715
74,-0.836471591026676,2.41078552087141,-5.6750029521,2.02558615875438,-4.83853136107332,1.30371242224715
75,-1.16030169697957,2.20932546661015,-5.99883305805289,1.77875976693052,-4.83853136107332,1.30371242224715
76,-1.96205665126176,2.31730542857675,-6.80058801233508,1.89997318114904,-4.83853136107332,1.30371242224715
77,-0.109268330425404,2.24232127951017,-4.94779969149872,1.79750999457681,-4.83853136107332,1.30371242224715
78,0.343742550384599,2.44096889772436,-4.49478881068872,2.05724876873023,-4.83853136107332,1.30371242224715
79,-2.40199080962524,2.41813500446462,-7.24052217069856,2.02437816720295,-4.83853136107332,1.30371242224715
80,-3.03954320097481,2.27418435970327,-7.87807456204813,1.86156985822645,-4.83853136107332,1.30371242224715
81,-4.37829116648921,2.70334154911906,-9.21682252756252,2.37653526023157,-4.83853136107332,1.30371242224715
82,-2.99557337148762,2.34959069062787,-7.83410473256094,1.93121547037364,-4.83853136107332,1.30371242224715
83,-0.800298980828717,2.33110954478866,-5.63883034190204,1.84761898471313,-4.83853136107332,1.30371242224715
84,-0.770057000308565,2.32074063081515,-5.60858836138188,1.88855667053821,-4.83853136107332,1.30371242224715
85,0.466720302952362,2.33451449090105,-4.37181105812096,1.95608238805465,-4.83853136107332,1.30371242224715
86,-0.287916381406329,2.4151245705944,-5.12644774247965,2.000147964189,-4.83853136107332,1.30371242224715
87,-0.101159591049483,2.45059540138015,-4.9396909521228,2.1008918350861,-4.83853136107332,1.30371242224715
88,-1.98511364118493,2.18879165975146,-6.82364500225825,1.76418348553719,-4.83853136107332,1.30371242224715
89,-1.45478333300981,2.24760230651142,-6.29331469408313,1.83917053378833,-4.83853136107332,1.30371242224715
90,-2.80132025518249,2.34417039041878,-7.63985161625581,1.95198027575469,-4.83853136107332,1.30371242224715
91,-1.77412104321324,2.28362364827196,-6.61265240428656,1.86753414288155,-4.83853136107332,1.30371242224715
92,-1.08639593274045,2.34210169072683,-5.92492729381377,1.94029498757848,-4.83853136107332,1.30371242224715
93,0.0570871195638501,2.37453986302972,-4.78144424150947,1.99664184994383,-4.83853136107332,1.30371242224715
94,-0.0469916657426313,2.257104394906,-4.88552302681595,1.86485214400609,-4.83853136107332,1.30371242224715
95,-0.852549687327179,2.17394576821834,-5.6910810484005,1.70400573668657,-4.83853136107332,1.30371242224715
96,-0.11544814526649,2.30527853553959,-4.95397950633981,1.91388314620722,-4.83853136107332,1.30371242224715
97,-2.60220188661356,2.18880405468447,-7.44073324768688,1.75850099842383,-4.83853136107332,1.30371242224715
98,-1.20524581790276,2.28566082248969,-6.04377717897607,1.85770627532497,-4.83853136107332,1.30371242224715
99,-1.96764509914792,2.27274652181403,-6.80617646022124,1.84488141570391,-4.83853136107332,1.30371242224715
100,-4.16433865723238,2.51218803898878,-9.0028700183057,2.14441010511073,-4.83853136107332,1.30371242224715
101,-2.89772136187286,2.54665389112893,-7.73625272294617,2.17360983574509,-4.83853136107332,1.30371242224715
102,-0.984898982261859,2.17740006666917,-5.82343034333518,1.73958632557447,-4.83853136107332,1.30371242224715
103,-0.971143567116849,2.13392120370857,-5.80967492819017,1.70174512808135,-4.83853136107332,1.30371242224715
104,-2.01326037114385,2.62204968623077,-6.85179173221717,2.26669647827458,-4.83853136107332,1.30371242224715
105,-1.14357175824818,2.06303624782112,-5.9821031193215,1.57752701141415,-4.83853136107332,1.30371242224715
106,-2.14674300344708,2.52986010306667,-6.9852743645204,2.17835739413528,-4.83853136107332,1.30371242224715
107,-0.903870567212137,2.48839680207671,-5.74240192828546,2.09157613753619,-4.83853136107332,1.30371242224715
108,0.509711963339938,2.3738906838421,-4.32881939773338,1.97893534404045,-4.83853136107332,1.30371242224715
109,-1.83826566186398,2.21214203025836,-6.6767970229373,1.77957403464066,-4.83853136107332,1.30371242224715
110,-1.34670529985984,2.2016453109493,-6.18523666093316,1.75882751720966,-4.83853136107332,1.30371242224715
111,0.0777564359010163,2.64056239646332,-4.7607749251723,2.28800689217494,-4.83853136107332,1.30371242224715
112,1.31748233010779,2.44293748439521,-3.52104903096552,2.03394524084297,-4.83853136107332,1.30371242224715
113,0.286104368067776,2.59377917212599,-4.55242699300554,2.2443369837112,-4.83853136107332,1.30371242224715
114,-0.651849041732833,2.36133779085049,-5.49038040280615,1.98837195282262,-4.83853136107332,1.30371242224715
115,-1.83422732968076,2.32739794752641,-6.67275869075408,1.92030941550175,-4.83853136107332,1.30371242224715
116,-1.53993712948034,2.27544428852892,-6.37846849055365,1.87282709347544,-4.83853136107332,1.30371242224715
117,-1.69471345526314,2.18265777234159,-6.53324481633646,1.74829023782035,-4.83853136107332,1.30371242224715
118,-2.16381975792126,2.60299417828082,-7.00235111899458,2.24415318180343,-4.83853136107332,1.30371242224715
119,-0.371345823051284,2.25601804630315,-5.2098771841246,1.83260586516602,-4.83853136107332,1.30371242224715
120,-0.778857975556203,2.26036367935267,-5.61738933662952,1.84316878343295,-4.83853136107332,1.30371242224715
121,-1.2505053092285,2.27794715930571,-6.08903667030182,1.85610993768199,-4.83853136107332,1.30371242224715
122,-0.272395656826571,2.41527463731784,-5.11092701789989,2.02826770641234,-4.83853136107332,1.30371242224715
123,-1.08696743242359,2.6226252160346,-5.92549879349691,2.29043135228481,-4.83853136107332,1.30371242224715
124,-1.30091174287103,2.20382506719126,-6.13944310394435,1.77371493188912,-4.83853136107332,1.30371242224715
125,0.326924268169351,2.27390349246519,-4.51160709290397,1.80666399577609,-4.83853136107332,1.30371242224715
126,-1.15608071608134,2.34179941923559,-5.99461207715466,1.92930801752695,-4.83853136107332,1.30371242224715
127,-2.64514004413683,2.1870268517805,-7.48367140521015,1.77303684816264,-4.83853136107332,1.30371242224715
128,-0.773114558917938,2.22321989627859,-5.61164591999126,1.7825867329144,-4.83853136107332,1.30371242224715
129,-0.612841501986812,2.31655853500662,-5.45137286306013,1.92965425317089,-4.83853136107332,1.30371242224715
130,-0.333490099173956,2.35970764612278,-5.17202146024727,1.93339979741391,-4.83853136107332,1.30371242224715
131,-1.01220223801098,2.40463410033604,-5.8507335990843,2.03645932158279,-4.83853136107332,1.30371242224715
132,-2.88104308161645,2.40816309658434,-7.71957444268976,1.99143605089156,-4.83853136107332,1.30371242224715
133,-1.2583379912882,2.16070822145182,-6.09686935236152,1.72142190021736,-4.83853136107332,1.30371242224715
134,-1.30471559089213,2.13831779146901,-6.14324695196545,1.70163238782462,-4.83853136107332,1.30371242224715
135,0.125916536465674,2.33503306272863,-4.71261482460765,1.94123562016453,-4.83853136107332,1.30371242224715
136,-0.302253294149342,2.2860876488304,-5.14078465522266,1.86862689561634,-4.83853136107332,1.30371242224715
137,-1.27755131984543,2.18628952883222,-6.11608268091875,1.74249788271511,-4.83853136107332,1.30371242224715
138,-2.21039540312097,2.22838561649308,-7.04892676419429,1.79857553936983,-4.83853136107332,1.30371242224715
139,-3.39622471822284,2.15102933860208,-8.23475607929616,1.67905141546923,-4.83853136107332,1.30371242224715
140,-2.85993197630205,2.38145642844886,-7.69846333737536,1.95399057825625,-4.83853136107332,1.30371242224715
141,-1.77519332093483,2.2162763593332,-6.61372468200815,1.76852429812575,-4.83853136107332,1.30371242224715
142,-0.47584072124365,2.33416207917016,-5.31437208231697,1.94040464626278,-4.83853136107332,1.30371242224715
143,-1.40507563539719,2.28280487931327,-6.24360699647051,1.8560725791118,-4.83853136107332,1.30371242224715
144,-1.19797683456888,2.26003741974086,-6.0365081956422,1.82231222376168,-4.83853136107332,1.30371242224715
145,-1.6614117387226,2.24425048641562,-6.49994309979592,1.8074734615764,-4.83853136107332,1.30371242224715
146,-1.8000122413755,2.22362304687408,-6.63854360244882,1.79292411645604,-4.83853136107332,1.30371242224715
147,-2.04588349672788,2.12766024375478,-6.8844148578012,1.66199570418085,-4.83853136107332,1.30371242224715
148,-0.77153123222204,2.22757119075976,-5.61006259329536,1.78076288360751,-4.83853136107332,1.30371242224715
149,-1.96619811692623,2.36770050847353,-6.80472947799955,1.94514471445256,-4.83853136107332,1.30371242224715
150,-0.625860053087314,2.34084300204325,-5.46439141416063,1.98231681781957,-4.83853136107332,1.30371242224715
151,-1.26571622413301,2.19934740890954,-6.10424758520633,1.76243378310315,-4.83853136107332,1.30371242224715
152,-2.01846501814294,2.40943792992276,-6.85699637921626,2.0454786666726,-4.83853136107332,1.30371242224715
153,-2.02312350746171,2.1490126409403,-6.86165486853503,1.70819928894806,-4.83853136107332,1.30371242224715
154,-1.62967639554283,2.37428630426773,-6.46820775661614,1.93965458503702,-4.83853136107332,1.30371242224715
155,-1.30391954267902,2.16643609927746,-6.14245090375234,1.74786936196148,-4.83853136107332,1.30371242224715
156,-2.85120611580979,2.32460867502392,-7.68973747688311,1.92660841396106,-4.83853136107332,1.30371242224715
157,-0.631829404804662,2.32449054739762,-5.47036076587798,1.92243518597772,-4.83853136107332,1.30371242224715
158,-2.28125373671973,2.69362368907282,-7.11978509779305,2.32080748277913,-4.83853136107332,1.30371242224715
159,-2.98793364950506,2.25433621445277,-7.82646501057838,1.8539557896083,-4.83853136107332,1.30371242224715
160,-1.86757994512329,2.23135120530772,-6.70611130619661,1.79600627846969,-4.83853136107332,1.30371242224715
161,-1.07592751259662,2.59447392859849,-5.91445887366994,2.23768997978003,-4.83853136107332,1.30371242224715
162,-0.530491566108025,2.60157438038513,-5.36902292718134,2.26836849678677,-4.83853136107332,1.30371242224715
163,-0.783939184361873,2.60557981714634,-5.62247054543519,2.22366130359097,-4.83853136107332,1.30371242224715
164,-3.13400478386088,2.53323243670451,-7.9725361449342,2.20379010060838,-4.83853136107332,1.30371242224715
165,-1.80047876563277,2.20014720696998,-6.63901012670609,1.7672275885509,-4.83853136107332,1.30371242224715
166,0.95075154838341,2.33375341602536,-3.88777981268991,1.92848471267228,-4.83853136107332,1.30371242224715
167,-1.54010463855194,2.31707576514723,-6.37863599962526,1.93964058546211,-4.83853136107332,1.30371242224715
168,-1.24208099147847,2.24742723631305,-6.08061235255178,1.80207875652204,-4.83853136107332,1.30371242224715
169,-0.47139880351198,2.36415471927261,-5.3099301645853,1.98780865763291,-4.83853136107332,1.30371242224715
170,1.50498443168444,2.69334242135902,-3.33354692938888,2.3427593085512,-4.83853136107332,1.30371242224715
171,-0.739554278074326,2.2692168533873,-5.57808563914765,1.84579260118336,-4.83853136107332,1.30371242224715
172,1.24115742066792,2.52728012864265,-3.5973739404054,2.16879528111773,-4.83853136107332,1.30371242224715
173,-0.476085698601003,2.4365141851928,-5.31461705967432,2.04092796732136,-4.83853136107332,1.30371242224715
174,-2.99731084878129,2.25625689484623,-7.83584220985461,1.83777850602359,-4.83853136107332,1.30371242224715
175,-1.46466628433499,2.24488829599068,-6.30319764540831,1.83119099374681,-4.83853136107332,1.30371242224715
176,-3.05830488786035,2.33387908781925,-7.89683624893367,1.90536194371186,-4.83853136107332,1.30371242224715
177,-0.804271765764205,2.40059777651138,-5.64280312683752,2.0018287337228,-4.83853136107332,1.30371242224715
178,-1.12012150571024,2.241690318341,-5.95865286678356,1.79396046261829,-4.83853136107332,1.30371242224715
179,-1.39620805943174,2.24284570716359,-6.23473942050505,1.79317083677167,-4.83853136107332,1.30371242224715
180,-2.47722048383918,2.36328601133816,-7.3157518449125,1.9567178186284,-4.83853136107332,1.30371242224715
181,0.437172696179159,2.58310537322783,-4.40135866489416,2.25654226580929,-4.83853136107332,1.30371242224715
182,-1.74753274823445,2.18520152931552,-6.58606410930776,1.73327400184438,-4.83853136107332,1.30371242224715
183,-1.03661279421171,2.44453099810747,-5.87514415528503,2.05762499430247,-4.83853136107332,1.30371242224715
184,-0.117188176132158,2.39973184271257,-4.95571953720548,1.98587674830961,-4.83853136107332,1.30371242224715
185,0.0238363946416368,2.25051117677519,-4.81469496643168,1.80046533834265,-4.83853136107332,1.30371242224715
186,2.01975744262556,2.59745821888455,-2.81877391844776,2.23560956533717,-4.83853136107332,1.30371242224715
187,-1.67744330439374,2.39157676427237,-6.51597466546706,2.04330582758189,-4.83853136107332,1.30371242224715
188,-3.15379408145344,2.31491639138767,-7.99232544252675,1.9058404571391,-4.83853136107332,1.30371242224715
189,-0.777012975010033,2.23876715271127,-5.61554433608335,1.82081343335739,-4.83853136107332,1.30371242224715
190,-2.69927712770797,2.42359482622055,-7.53780848878128,2.04497277464535,-4.83853136107332,1.30371242224715
191,-0.407046446296631,2.33384906414828,-5.24557780736995,1.91767173712425,-4.83853136107332,1.30371242224715
192,-0.539245270746953,2.36920278814599,-5.37777663182027,1.97396700161077,-4.83853136107332,1.30371242224715
193,-1.58354451650473,2.29417612213197,-6.42207587757805,1.87517711735331,-4.83853136107332,1.30371242224715
194,-1.09965430612201,2.29983953068044,-5.93818566719533,1.907939496099,-4.83853136107332,1.30371242224715
195,-0.135545249143782,2.236630201568,-4.9740766102171,1.80545304271176,-4.83853136107332,1.30371242224715
196,-0.938602040694698,2.27054570999277,-5.77713340176802,1.85347338036474,-4.83853136107332,1.30371242224715
197,-1.78730117638277,2.31301189896331,-6.62583253745609,1.89005862070286,-4.83853136107332,1.30371242224715
198,0.311971666776595,2.36975398705218,-4.52655969429672,1.94357215742195,-4.83853136107332,1.30371242224715
199,-2.30848201779571,2.10954099901003,-7.14701337886903,1.64368568984581,-4.83853136107332,1.30371242224715
200,-1.30691618455684,2.56992367123445,-6.14544754563016,2.20948163821491,-4.83853136107332,1.30371242224715
201,-0.675686356045643,2.41898721426063,-5.51421771711896,2.03980833115397,-4.83853136107332,1.30371242224715
202,0.658944150108594,2.58671664930274,-4.17958721096473,2.22820498005332,-4.83853136107332,1.30371242224715
203,-1.69621582272023,2.51461047792212,-6.53474718379355,2.14663355943993,-4.83853136107332,1.30371242224715
204,2.04529444200563,2.86492137895318,-2.79323691906769,2.54436328449312,-4.83853136107332,1.30371242224715
205,-1.53970207454187,2.24607474830204,-6.37823343561519,1.80197213392868,-4.83853136107332,1.30371242224715
206,-0.914703775492598,2.17572382640166,-5.75323513656592,1.71217414505965,-4.83853136107332,1.30371242224715
207,-0.0581381788990775,2.18286329871396,-4.8966695399724,1.73961805249046,-4.83853136107332,1.30371242224715
208,-1.38851479650949,2.23390969770581,-6.22704615758281,1.80229910393614,-4.83853136107332,1.30371242224715
209,-0.0758243043454453,2.24010377402178,-4.91435566541876,1.82126114762249,-4.83853136107332,1.30371242224715
210,-2.72686017260717,2.25875482378886,-7.56539153368049,1.84512870301642,-4.83853136107332,1.30371242224715
211,1.55953416824158,2.88858837608325,-3.27899719283173,2.54656902719269,-4.83853136107332,1.30371242224715
212,-0.833991427830283,2.48177719456805,-5.6725227889036,2.11170107385724,-4.83853136107332,1.30371242224715
213,-2.46005969381376,2.21591725746655,-7.29859105488708,1.78251184536928,-4.83853136107332,1.30371242224715
214,-0.153920333558369,2.301402426573,-4.99245169463169,1.88149685302939,-4.83853136107332,1.30371242224715
215,-1.88961674686606,2.24601927375286,-6.72814810793938,1.81400970867216,-4.83853136107332,1.30371242224715
216,-1.47820943151813,2.60219112869177,-6.31674079259145,2.20341281997291,-4.83853136107332,1.30371242224715
217,-2.51295350024758,2.38048072634137,-7.3514848613209,1.98017981138872,-4.83853136107332,1.30371242224715
218,-1.38564002814151,2.39666079547968,-6.22417138921483,1.96645716744621,-4.83853136107332,1.30371242224715
219,-1.87634952234877,2.09165147107743,-6.71488088342209,1.62799485413235,-4.83853136107332,1.30371242224715
220,-2.30681095415989,2.42686181503677,-7.1453423152332,1.96877967179395,-4.83853136107332,1.30371242224715
221,-1.4386558100845,2.2162731313721,-6.27718717115782,1.77653829971362,-4.83853136107332,1.30371242224715
222,-0.963919481070145,2.28789620882964,-5.80245084214346,1.835141458341,-4.83853136107332,1.30371242224715
223,-2.02077178937867,2.52591340081993,-6.85930315045199,2.12394194727131,-4.83853136107332,1.30371242224715
224,-2.1508658939736,2.38293679694165,-6.98939725504692,1.95811153310736,-4.83853136107332,1.30371242224715
225,-1.54090836515988,2.32674584133429,-6.3794397262332,1.90238795920578,-4.83853136107332,1.30371242224715
226,-0.870595436137019,2.37239107672042,-5.70912679721034,1.96026884195597,-4.83853136107332,1.30371242224715
227,-0.936750724777356,2.20180330036246,-5.77528208585067,1.75905089088261,-4.83853136107332,1.30371242224715
228,-1.52791427575999,2.15876505027617,-6.36644563683331,1.72140202177379,-4.83853136107332,1.30371242224715
229,-2.35167676726116,2.1014543238971,-7.19020812833448,1.65632258753643,-4.83853136107332,1.30371242224715
230,-2.05795387307235,2.40476514732527,-6.89648523414567,2.00479973546728,-4.83853136107332,1.30371242224715
231,-0.549343403741627,2.20629192629518,-5.38787476481495,1.76214972369005,-4.83853136107332,1.30371242224715
232,-2.10554734912133,2.29337780125389,-6.94407871019465,1.86691503741466,-4.83853136107332,1.30371242224715
233,-1.3399634958899,2.23189292205916,-6.17849485696322,1.78304026395891,-4.83853136107332,1.30371242224715
234,-1.06305558572709,2.62245777474989,-5.90158694680041,2.26814481475393,-4.83853136107332,1.30371242224715
235,2.08435536877259,2.64842982088998,-2.75417599230073,2.32544412792672,-4.83853136107332,1.30371242224715
236,-0.936861264133659,2.21753633680725,-5.77539262520698,1.7776092091945,-4.83853136107332,1.30371242224715
237,-0.295720620640607,2.33715925663686,-5.13425198171393,1.90131055947688,-4.83853136107332,1.30371242224715
238,-1.13855677993295,2.22750685914913,-5.97708814100627,1.82923127990642,-4.83853136107332,1.30371242224715
239,-1.65720138980142,2.42352999080713,-6.49573275087474,1.99099317361037,-4.83853136107332,1.30371242224715
240,-1.07200972405833,2.33083482326158,-5.91054108513165,1.91335984032251,-4.83853136107332,1.30371242224715
241,-0.536222337117305,2.19314878111925,-5.37475369819062,1.78793726792949,-4.83853136107332,1.30371242224715
242,-1.4273931047224,2.20889254821671,-6.26592446579572,1.7808835843562,-4.83853136107332,1.30371242224715
243,-3.18279791575162,2.43486118311217,-8.02132927682494,2.04409229049716,-4.83853136107332,1.30371242224715
244,-0.0796404846127928,2.32101459563706,-4.91817184568611,1.94343928704428,-4.83853136107332,1.30371242224715
245,-0.777428345450978,2.378348290262,-5.6159597065243,1.95710078748189,-4.83853136107332,1.30371242224715
246,0.893811039111491,2.59850992912131,-3.94472032196183,2.23080292271366,-4.83853136107332,1.30371242224715
247,-3.10870442896454,2.3282169562469,-7.94723579003786,1.91037269320991,-4.83853136107332,1.30371242224715
248,-1.11494430687634,2.31141797339388,-5.95347566794966,1.88500739786446,-4.83853136107332,1.30371242224715
249,-1.9620136337938,2.39877380777294,-6.80054499486712,2.01455493703001,-4.83853136107332,1.30371242224715
250,-1.85076060874965,2.28131474370144,-6.68929196982297,1.84561808047883,-4.83853136107332,1.30371242224715
251,-1.6487642166904,2.16867799489083,-6.48729557776372,1.72267933252334,-4.83853136107332,1.30371242224715
252,-0.734615373682147,2.19442053654395,-5.57314673475547,1.76176367214245,-4.83853136107332,1.30371242224715
253,-0.946486752243442,2.29976784345955,-5.78501811331676,1.86378482577563,-4.83853136107332,1.30371242224715
254,-0.0885339210342892,2.48335870884708,-4.92706528210761,2.11873380232696,-4.83853136107332,1.30371242224715
255,-2.42827536367537,2.3623235027265,-7.26680672474869,1.92730324859789,-4.83853136107332,1.30371242224715
256,-1.86620336875781,2.54844004736678,-6.70473472983113,2.17996636315968,-4.83853136107332,1.30371242224715
257,-2.39067408972938,2.65075283553434,-7.2292054508027,2.24870442965966,-4.83853136107332,1.30371242224715
258,-0.854293085085491,2.29688185471163,-5.69282444615881,1.87923399225352,-4.83853136107332,1.30371242224715
259,-2.39098333664471,2.30101383350375,-7.22951469771803,1.89426269338375,-4.83853136107332,1.30371242224715
260,-0.339126249614604,2.28418413743572,-5.17765761068792,1.8690328746747,-4.83853136107332,1.30371242224715
261,0.217424931273481,2.28469064653493,-4.62110642979984,1.85194925067651,-4.83853136107332,1.30371242224715
262,-2.30204729595472,2.39037990658231,-7.14057865702804,1.99769579934968,-4.83853136107332,1.30371242224715
263,-1.98551687403905,2.24571851013379,-6.82404823511237,1.82613921837003,-4.83853136107332,1.30371242224715
264,-3.41950378128388,2.24667319008886,-8.2580351423572,1.81669443122983,-4.83853136107332,1.30371242224715
265,-0.653807662038117,2.23432095296448,-5.49233902311144,1.78705379781739,-4.83853136107332,1.30371242224715
266,-1.58736374028473,2.42469328066301,-6.42589510135805,2.06655577583654,-4.83853136107332,1.30371242224715
267,-1.44270338549078,2.24306085119528,-6.2812347465641,1.83290401312792,-4.83853136107332,1.30371242224715
268,-2.77146327842123,2.34801937387078,-7.60999463949454,1.96193750378804,-4.83853136107332,1.30371242224715
269,-0.836254346242313,2.34540900164819,-5.67478570731563,1.93920107934234,-4.83853136107332,1.30371242224715
270,-2.01912177182487,2.1810403333992,-6.85765313289818,1.79598910858099,-4.83853136107332,1.30371242224715
271,1.39082306491945,2.29654059179829,-3.44770829615387,1.93357304930358,-4.83853136107332,1.30371242224715
272,-1.63663912613991,2.21742943338786,-6.47517048721323,1.79353612919359,-4.83853136107332,1.30371242224715
273,-0.230243909208167,2.25385763429124,-5.06877527028149,1.814937525909,-4.83853136107332,1.30371242224715
274,-0.602205336125711,2.28490766618889,-5.44073669719903,1.85181767811434,-4.83853136107332,1.30371242224715
276,-0.218318154637676,2.16412506177921,-5.05684951571099,1.72380167623213,-4.83853136107332,1.30371242224715
277,-2.14880231312239,2.40511392477253,-6.98733367419571,1.98630612839035,-4.83853136107332,1.30371242224715
278,-2.06919641919018,2.35571212837249,-6.9077277802635,1.95578091056399,-4.83853136107332,1.30371242224715
279,-1.46015734196652,2.22697640375712,-6.29868870303984,1.76094973618425,-4.83853136107332,1.30371242224715
280,-1.19038128111359,2.25721785215072,-6.02891264218691,1.81944676491394,-4.83853136107332,1.30371242224715
281,-1.45858597249053,2.15280933350951,-6.29711733356385,1.70768880479286,-4.83853136107332,1.30371242224715
282,-1.40974304343496,2.22492440511032,-6.24827440450828,1.78755791087182,-4.83853136107332,1.30371242224715
283,-0.743523182595964,2.29925977854531,-5.58205454366928,1.87870172324962,-4.83853136107332,1.30371242224715
284,-0.866949893296365,2.26142902547533,-5.70548125436968,1.83695437132372,-4.83853136107332,1.30371242224715
285,-1.76853546741538,2.45693705342214,-6.60706682848869,2.06171922989052,-4.83853136107332,1.30371242224715
286,-1.43784772150164,2.443364312129,-6.27637908257496,2.08260696844468,-4.83853136107332,1.30371242224715
287,-0.186752567433053,2.3938190758016,-5.02528392850637,1.97299177990759,-4.83853136107332,1.30371242224715
288,-1.25661085442145,2.20182179394617,-6.09514221549477,1.78316865272496,-4.83853136107332,1.30371242224715
289,-3.06106311884629,2.26342464536565,-7.89959447991961,1.82632295683695,-4.83853136107332,1.30371242224715
290,-1.1125698771124,2.33118008318624,-5.95110123818572,1.91786147343362,-4.83853136107332,1.30371242224715
291,-1.45335903576491,2.16314173255672,-6.29189039683823,1.73051361968118,-4.83853136107332,1.30371242224715
292,-1.17600036098481,2.2596724483984,-6.01453172205813,1.84031022907576,-4.83853136107332,1.30371242224715
293,0.327196778656895,2.22253666009578,-4.51133458241642,1.81429116701025,-4.83853136107332,1.30371242224715
294,-1.49320576284534,2.18100816086885,-6.33173712391866,1.73452764229354,-4.83853136107332,1.30371242224715
295,-2.20121432235462,2.32487787797301,-7.03974568342794,1.94539752688922,-4.83853136107332,1.30371242224715
296,-3.06732074292136,2.29463205008826,-7.90585210399468,1.88608490905989,-4.83853136107332,1.30371242224715
297,-0.0759806943600275,2.39100386936805,-4.91451205543335,2.00230865948179,-4.83853136107332,1.30371242224715
298,-2.19998507726646,2.22311844470526,-7.03851643833977,1.7877181404642,-4.83853136107332,1.30371242224715
299,-1.78975496401195,2.19732789651579,-6.62828632508527,1.74973346669844,-4.83853136107332,1.30371242224715
300,1.40872898878929,2.27127193423299,-3.42980237228402,1.87680046008517,-4.83853136107332,1.30371242224715
301,-0.732028721122257,2.23445464087579,-5.57056008219558,1.78156234938681,-4.83853136107332,1.30371242224715
302,-1.73349077359674,2.20676189715634,-6.57202213467006,1.76630997747854,-4.83853136107332,1.30371242224715
303,-1.62305088946223,2.49516820608117,-6.46158225053555,2.11431362435683,-4.83853136107332,1.30371242224715
304,-0.577223168222564,2.237153175248,-5.41575452929588,1.81479723897449,-4.83853136107332,1.30371242224715
305,0.267651124590711,2.4698397688261,-4.57088023648261,2.05506236253624,-4.83853136107332,1.30371242224715
306,0.73485153429078,2.52699573245987,-4.10367982678254,2.15943550105147,-4.83853136107332,1.30371242224715
307,-1.28354094517006,2.44377964551785,-6.12207230624338,2.08983149114771,-4.83853136107332,1.30371242224715
308,-1.69153441675225,2.15946475812892,-6.53006577782557,1.73301889169798,-4.83853136107332,1.30371242224715
309,-0.386789026062027,2.2791670649777,-5.22532038713535,1.87237323815967,-4.83853136107332,1.30371242224715
310,-1.72151772191917,2.15816162407087,-6.56004908299249,1.70664494019006,-4.83853136107332,1.30371242224715
311,-2.35225682516383,2.34119966755893,-7.19078818623715,1.94169820159497,-4.83853136107332,1.30371242224715
312,-0.820732764357266,2.21671293112165,-5.65926412543058,1.7745078251869,-4.83853136107332,1.30371242224715
313,-0.601474395177775,2.34688479046713,-5.44000575625109,1.92812108849105,-4.83853136107332,1.30371242224715
314,-2.35088658932625,2.19902600425094,-7.18941795039957,1.75257118938949,-4.83853136107332,1.30371242224715
315,0.469402435586944,2.32063547742652,-4.36912892548638,1.92009926131652,-4.83853136107332,1.30371242224715
316,-1.54649019511616,2.41888941533561,-6.38502155618947,2.00064479230598,-4.83853136107332,1.30371242224715
317,-1.03063194843684,2.14822891874812,-5.86916330951016,1.70610323413503,-4.83853136107332,1.30371242224715
318,-1.21288705377055,2.22146579349881,-6.05141841484387,1.77061471982039,-4.83853136107332,1.30371242224715
319,-0.985270028011499,2.16089722095071,-5.82380138908482,1.71157796687889,-4.83853136107332,1.30371242224715
320,-1.28079228028633,2.15220179623939,-6.11932364135965,1.70561089881875,-4.83853136107332,1.30371242224715
321,-2.05421402516214,2.17770788196335,-6.89274538623546,1.7411832476592,-4.83853136107332,1.30371242224715
322,-1.4459937254831,2.23190317611166,-6.28452508655642,1.78618888785074,-4.83853136107332,1.30371242224715
323,-0.94716188898857,2.17719263300769,-5.78569325006189,1.75328001643404,-4.83853136107332,1.30371242224715
324,-0.396948859990686,2.35347545125114,-5.23548022106401,1.95341299161548,-4.83853136107332,1.30371242224715
325,-0.652198533183065,2.48706673220967,-5.49072989425638,2.07955383376834,-4.83853136107332,1.30371242224715
326,-1.42964783780985,2.09362030971517,-6.26817919888316,1.6176668706699,-4.83853136107332,1.30371242224715
327,-3.28496430449583,2.36339671120618,-8.12349566556915,1.96372545506629,-4.83853136107332,1.30371242224715
328,-0.647665182009221,2.43203053835559,-5.48619654308254,2.02757440684553,-4.83853136107332,1.30371242224715
329,-0.522386718379814,2.48223370723352,-5.36091807945313,2.16221988772562,-4.83853136107332,1.30371242224715
330,-0.38184075460694,2.21831981410685,-5.22037211568026,1.77714649936039,-4.83853136107332,1.30371242224715
331,-0.93119703861188,2.35168939489129,-5.7697283996852,1.97559904063915,-4.83853136107332,1.30371242224715
332,-2.84155465748618,2.23992385055383,-7.68008601855949,1.83867480530831,-4.83853136107332,1.30371242224715
333,-0.8786631258553,2.32436573292353,-5.71719448692862,1.94909807933169,-4.83853136107332,1.30371242224715
334,-0.417612385802521,2.26532371033626,-5.25614374687584,1.85901858661096,-4.83853136107332,1.30371242224715
335,-1.25974802536344,2.23644395145811,-6.09827938643676,1.82451114836932,-4.83853136107332,1.30371242224715
336,-0.515649635724876,2.20981077049986,-5.3541809967982,1.77459102202145,-4.83853136107332,1.30371242224715
337,-2.81332777768556,2.32073690253034,-7.65185913875888,1.90617137862812,-4.83853136107332,1.30371242224715
338,-1.14677542551259,2.1972050622763,-5.98530678658591,1.76577771810112,-4.83853136107332,1.30371242224715
339,-1.59283060632531,2.33557161249031,-6.43136196739863,1.94868573836844,-4.83853136107332,1.30371242224715
340,0.922654613271753,2.29834573917759,-3.91587674780157,1.90943907016615,-4.83853136107332,1.30371242224715
341,-0.095051835652827,2.6348147538407,-4.93358319672615,2.30390282230508,-4.83853136107332,1.30371242224715
342,-2.99954429749506,2.31484260208544,-7.83807565856838,1.89305814435509,-4.83853136107332,1.30371242224715
343,-2.00367631916506,2.38431092447907,-6.84220768023838,1.98854783804462,-4.83853136107332,1.30371242224715
344,-1.93574317420789,2.25774603161035,-6.77427453528121,1.83840528884946,-4.83853136107332,1.30371242224715
345,-2.06708535504104,2.18976250005564,-6.90561671611436,1.76104551826154,-4.83853136107332,1.30371242224715
346,-0.0576160833807775,2.50844185285917,-4.8961474444541,2.1394591637783,-4.83853136107332,1.30371242224715
347,-1.9642034797116,2.52573917762221,-6.80273484078492,2.16182726691362,-4.83853136107332,1.30371242224715
348,-2.43395725527028,2.33845207868375,-7.2724886163436,1.9424895606775,-4.83853136107332,1.30371242224715
349,-0.894221712343664,2.2323403742154,-5.73275307341698,1.80924733131486,-4.83853136107332,1.30371242224715
350,-0.147652408130716,2.19321034482921,-4.98618376920403,1.75007236082452,-4.83853136107332,1.30371242224715
351,-1.11620840224021,2.28255460260755,-5.95473976331353,1.85388976526719,-4.83853136107332,1.30371242224715
352,0.116022099741626,2.48508277011868,-4.72250926133169,2.09953195005728,-4.83853136107332,1.30371242224715
353,0.252796326264368,2.42121710500865,-4.58573503480895,2.00276099999331,-4.83853136107332,1.30371242224715
354,0.725381108480192,2.26589207192431,-4.11315025259313,1.83896095732469,-4.83853136107332,1.30371242224715
355,-1.2538719361031,2.29831660112942,-6.09240329717642,1.88157311358584,-4.83853136107332,1.30371242224715
356,0.678108361697642,2.56922395521619,-4.16042299937568,2.21165521625319,-4.83853136107332,1.30371242224715
357,-0.860204740397249,2.33353717077086,-5.69873610147057,1.89371538301715,-4.83853136107332,1.30371242224715
358,-0.68513573405591,2.62532836845964,-5.52366709512923,2.24492011482965,-4.83853136107332,1.30371242224715
359,-1.74612731387787,2.30495674460562,-6.58465867495119,1.86977780983757,-4.83853136107332,1.30371242224715
360,-2.13951833533124,2.19830776794872,-6.97804969640456,1.79327683576305,-4.83853136107332,1.30371242224715
361,-2.20755807356521,2.16393835802399,-7.04608943463852,1.70020547330093,-4.83853136107332,1.30371242224715
362,-0.859468653032206,2.07852947689701,-5.69800001410553,1.61245013322163,-4.83853136107332,1.30371242224715
363,-3.36844475699257,2.45785396626757,-8.20697611806589,2.09410849059179,-4.83853136107332,1.30371242224715
364,0.249481089742396,2.59424745030546,-4.58905027133092,2.18081346270292,-4.83853136107332,1.30371242224715
365,-2.35169383792523,2.52542797600557,-7.19022519899855,2.1730440332302,-4.83853136107332,1.30371242224715
366,-3.47321769515354,2.45757834496716,-8.31174905622686,2.05093256968585,-4.83853136107332,1.30371242224715
367,-2.56570546470631,2.28661523280058,-7.40423682577963,1.89106919102536,-4.83853136107332,1.30371242224715
368,-3.93864081725605,2.37715428082457,-8.77717217832937,1.96409625078603,-4.83853136107332,1.30371242224715
369,-1.42800043327879,2.23319388702755,-6.26653179435211,1.79488606945354,-4.83853136107332,1.30371242224715
370,-1.52578395617167,2.30788772286663,-6.36431531724499,1.9094147554096,-4.83853136107332,1.30371242224715
371,1.24327283735934,2.39530639896331,-3.59525852371398,1.96290866265177,-4.83853136107332,1.30371242224715
372,0.404412143804307,2.36330539130548,-4.43411921726901,1.94419868640916,-4.83853136107332,1.30371242224715
373,0.0866000266855448,2.28614363830608,-4.75193133438777,1.8645537309208,-4.83853136107332,1.30371242224715
374,-2.9701261474091,2.26151499484038,-7.80865750848241,1.81699398784656,-4.83853136107332,1.30371242224715
375,-4.49804807372006,2.55430130214134,-9.33657943479338,2.16308493072887,-4.83853136107332,1.30371242224715
376,-0.940335164176327,2.28959664903622,-5.77886652524965,1.87284915514372,-4.83853136107332,1.30371242224715
377,-1.83979334393495,2.24695581926622,-6.67832470500827,1.81063371601381,-4.83853136107332,1.30371242224715
378,-1.64048619357353,2.15573271917681,-6.47901755464685,1.70494376163042,-4.83853136107332,1.30371242224715
379,-1.25498145288689,2.12835041559868,-6.09351281396021,1.67649120358889,-4.83853136107332,1.30371242224715
380,-1.10454449090415,2.33580691216956,-5.94307585197747,1.92055392696758,-4.83853136107332,1.30371242224715
381,-1.79380638032299,2.22169027721802,-6.63233774139631,1.78326002612273,-4.83853136107332,1.30371242224715
382,-2.44457016247183,2.35571733605075,-7.28310152354515,1.91138655444205,-4.83853136107332,1.30371242224715
383,-1.59083863948865,2.17236102312133,-6.42937000056197,1.71746604546705,-4.83853136107332,1.30371242224715
384,-1.52498135769193,2.19715259775466,-6.36351271876525,1.75583373313018,-4.83853136107332,1.30371242224715
385,-0.544713899154914,2.2513068023768,-5.38324526022823,1.83325651574351,-4.83853136107332,1.30371242224715
386,-1.67478715477444,2.17625478324995,-6.51331851584775,1.76976058927278,-4.83853136107332,1.30371242224715
387,-3.90231799312702,2.37924684244848,-8.74084935420034,1.98340823156562,-4.83853136107332,1.30371242224715
388,-0.0415576841526432,2.36147224522598,-4.88008904522596,1.96577407548583,-4.83853136107332,1.30371242224715
389,-1.59562275051107,2.0841415188081,-6.43415411158439,1.60658481301947,-4.83853136107332,1.30371242224715
390,-0.641308413953551,2.24327987877139,-5.47983977502687,1.83778777154723,-4.83853136107332,1.30371242224715
391,0.372560702358794,2.39806662249098,-4.46597065871453,2.03478717998642,-4.83853136107332,1.30371242224715
392,-1.28371085571441,2.16420774281515,-6.12224221678773,1.71713153933334,-4.83853136107332,1.30371242224715
393,-1.34495108923233,2.46688596316753,-6.18348245030565,2.07925815853626,-4.83853136107332,1.30371242224715
394,-2.14642441660361,2.37564455969496,-6.98495577767693,1.93659970188134,-4.83853136107332,1.30371242224715
395,-0.794286578486188,2.21779762182387,-5.63281793955951,1.7710699761759,-4.83853136107332,1.30371242224715
396,-2.68218802147098,2.47906392228371,-7.5207193825443,2.09549616876205,-4.83853136107332,1.30371242224715
397,-2.92164483856199,2.18100617577537,-7.76017619963531,1.74257188126905,-4.83853136107332,1.30371242224715
398,-0.784107817794745,2.2027668651837,-5.62263917886806,1.77325721047963,-4.83853136107332,1.30371242224715
399,-1.52908404193641,2.24943422103812,-6.36761540300973,1.81904899974032,-4.83853136107332,1.30371242224715
400,0.190379930144006,2.2280751044152,-4.64815143092931,1.76941944745658,-4.83853136107332,1.30371242224715
401,-1.84748998834036,2.28524903637371,-6.68602134941368,1.84477666697934,-4.83853136107332,1.30371242224715
402,-1.99647540887268,2.38603605387206,-6.83500676994599,2.01883779941717,-4.83853136107332,1.30371242224715
403,-1.45036757341763,2.28073373228927,-6.28889893449095,1.8698008909726,-4.83853136107332,1.30371242224715
404,-1.97423812561035,2.19815835112679,-6.81276948668367,1.75615802892951,-4.83853136107332,1.30371242224715
405,-1.22330697936227,2.24055686633026,-6.06183834043559,1.78413771277505,-4.83853136107332,1.30371242224715
406,-2.16780965883033,2.20327628027613,-7.00634101990365,1.76324218843254,-4.83853136107332,1.30371242224715
407,-0.647424137783342,2.32695998434173,-5.48595549885666,1.90962836649142,-4.83853136107332,1.30371242224715
408,-1.33449056828634,2.20579694039668,-6.17302192935966,1.76268572620291,-4.83853136107332,1.30371242224715
409,-1.73804076564632,2.25782284465607,-6.57657212671964,1.8146882273736,-4.83853136107332,1.30371242224715
410,-0.856069161007868,2.25471879131863,-5.69460052208119,1.8065763370466,-4.83853136107332,1.30371242224715
411,-1.55307975990735,2.16816195062897,-6.39161112098067,1.72378315866972,-4.83853136107332,1.30371242224715
412,1.75088824603361,2.46329598187703,-3.08764311503971,2.08749512376797,-4.83853136107332,1.30371242224715
413,-1.82303703597236,2.21748933610738,-6.66156839704568,1.78762695550185,-4.83853136107332,1.30371242224715
414,-3.60047807425161,2.29600408067026,-8.43900943532493,1.87066273557868,-4.83853136107332,1.30371242224715
415,-2.39066239025885,2.30247017320026,-7.22919375133217,1.88177859720008,-4.83853136107332,1.30371242224715
416,-0.0032954768096792,2.26446031947131,-4.841826837883,1.81415010588903,-4.83853136107332,1.30371242224715
417,-3.04306299127452,2.34965324987916,-7.88159435234784,1.91186360667927,-4.83853136107332,1.30371242224715
418,-2.44907681877212,2.33491824633419,-7.28760817984544,1.90293405538675,-4.83853136107332,1.30371242224715
419,-1.70823341174672,2.42154577492442,-6.54676477282004,2.04454307528782,-4.83853136107332,1.30371242224715
420,-0.0862996883895805,2.29160846001199,-4.9248310494629,1.86187723045932,-4.83853136107332,1.30371242224715
421,-1.54626803203781,2.43144028995511,-6.38479939311113,2.10223872005073,-4.83853136107332,1.30371242224715
422,-0.157074477970002,2.35503764857212,-4.99560583904332,1.96317280143532,-4.83853136107332,1.30371242224715
423,-2.28049264517103,2.36322215128651,-7.11902400624435,1.96665261698506,-4.83853136107332,1.30371242224715
424,-1.44385585329853,2.30442794330803,-6.28238721437185,1.86944381095229,-4.83853136107332,1.30371242224715
425,-2.23367673905849,2.32105742296059,-7.0722081001318,1.91123467415401,-4.83853136107332,1.30371242224715
426,-2.59150352035124,2.15683445231861,-7.43003488142456,1.70460095261086,-4.83853136107332,1.30371242224715
427,-1.31601673887469,2.2932064953739,-6.15454809994801,1.88089831767103,-4.83853136107332,1.30371242224715
428,0.106937226486163,2.39153959565717,-4.73159413458716,1.96920919338613,-4.83853136107332,1.30371242224715
429,0.415682566815804,2.38760001760715,-4.42284879425751,1.96277419404098,-4.83853136107332,1.30371242224715
430,-1.64857839180504,2.30263652370171,-6.48710975287835,1.88559254621776,-4.83853136107332,1.30371242224715
431,0.795059413273239,2.7381019087479,-4.04347194780008,2.40553340825127,-4.83853136107332,1.30371242224715
432,-2.15857901475513,2.27995707047055,-6.99711037582845,1.86144933872419,-4.83853136107332,1.30371242224715
433,-1.97196312409299,2.22347652335395,-6.81049448516631,1.77353865226011,-4.83853136107332,1.30371242224715
434,-0.204664303686023,2.33214091875946,-5.04319566475934,1.90190740047111,-4.83853136107332,1.30371242224715
435,-2.0959263171778,2.31584031746001,-6.93445767825112,1.89526595157681,-4.83853136107332,1.30371242224715
436,-2.84734718911959,2.20690845353044,-7.68587855019291,1.80182145931897,-4.83853136107332,1.30371242224715
437,0.406948796856805,2.18149046029427,-4.43158256421651,1.77036355856311,-4.83853136107332,1.30371242224715
438,-0.697316225454437,2.50376859917492,-5.53584758652776,2.15547486630032,-4.83853136107332,1.30371242224715
439,-5.06593738297313,2.68377579602444,-9.90446874404645,2.34511692302237,-4.83853136107332,1.30371242224715
440,-3.18761217504211,2.31133190225125,-8.02614353611543,1.91693973392357,-4.83853136107332,1.30371242224715
441,-2.47711048499393,2.38465971234569,-7.31564184606724,1.96745375080452,-4.83853136107332,1.30371242224715
442,-1.59404471711295,2.23080440094347,-6.43257607818626,1.81101410882916,-4.83853136107332,1.30371242224715
443,-1.2333393913149,2.23014158748235,-6.07187075238822,1.78693849536203,-4.83853136107332,1.30371242224715
444,-0.189493102497854,2.24205430112819,-5.02802446357117,1.81556099551988,-4.83853136107332,1.30371242224715
445,-0.87242823101271,2.43177531719266,-5.71095959208603,2.04956268596778,-4.83853136107332,1.30371242224715
446,0.685448699432972,2.6163478745424,-4.15308266164035,2.24569607549862,-4.83853136107332,1.30371242224715
447,-1.34710660047297,2.39528185713113,-6.18563796154629,2.01640509950263,-4.83853136107332,1.30371242224715
448,0.0782274819912119,2.43741042807313,-4.76030387908211,2.02173205152474,-4.83853136107332,1.30371242224715
449,-0.165220717617547,2.48808968363077,-5.00375207869087,2.12218711078637,-4.83853136107332,1.30371242224715
450,-1.25103400819014,2.3968524106232,-6.08956536926346,1.97386317689957,-4.83853136107332,1.30371242224715
451,-1.58279262539919,2.32805970089019,-6.42132398647251,1.93511944719816,-4.83853136107332,1.30371242224715
452,-3.1538704259913,2.26711508019648,-7.99240178706462,1.85365716350873,-4.83853136107332,1.30371242224715
453,-0.657744909487087,2.34145469190576,-5.49627627056041,1.9221312699504,-4.83853136107332,1.30371242224715
454,-2.93776956907698,2.32716902709544,-7.7763009301503,1.92231828666325,-4.83853136107332,1.30371242224715
455,-1.18945966496303,2.09315678595181,-6.02799102603635,1.64006326509152,-4.83853136107332,1.30371242224715
456,-1.24052479097585,2.24490327217552,-6.07905615204917,1.8140826498721,-4.83853136107332,1.30371242224715
457,-2.12282204881745,2.30643156845085,-6.96135340989077,1.91923107395457,-4.83853136107332,1.30371242224715
458,-1.70266343109917,2.15448816690203,-6.54119479217249,1.68933188574922,-4.83853136107332,1.30371242224715
459,-1.14979301087071,2.21603526747965,-5.98832437194403,1.76492517698601,-4.83853136107332,1.30371242224715
460,-2.09651983485765,2.54965648024568,-6.93505119593097,2.18608156723208,-4.83853136107332,1.30371242224715
461,-2.63850357721962,2.27339730944568,-7.47703493829294,1.90489298957054,-4.83853136107332,1.30371242224715
462,-1.3639724720889,2.56438074991863,-6.20250383316222,2.18286475505505,-4.83853136107332,1.30371242224715
463,-0.909139050386719,2.19435660409863,-5.74767041146004,1.75882299033189,-4.83853136107332,1.30371242224715
464,-0.310833183976258,2.64657432387193,-5.14936454504958,2.3333881820114,-4.83853136107332,1.30371242224715
465,-1.82514470266458,2.198969517727,-6.66367606373789,1.75035021541518,-4.83853136107332,1.30371242224715
466,-1.85385317198057,2.16421033176392,-6.69238453305389,1.74331406569535,-4.83853136107332,1.30371242224715
467,-2.67075371397137,2.14957603190071,-7.50928507504469,1.67320458887952,-4.83853136107332,1.30371242224715
468,-1.45551086528134,2.19306319564499,-6.29404222635466,1.73981946428616,-4.83853136107332,1.30371242224715
469,-0.495776530359425,2.31422347256768,-5.33430789143274,1.94730398928802,-4.83853136107332,1.30371242224715
470,-2.22194112538121,2.34702834196752,-7.06047248645452,1.93238775001088,-4.83853136107332,1.30371242224715
471,-1.98464623539788,2.2056788007393,-6.8231775964712,1.76641763465359,-4.83853136107332,1.30371242224715
472,0.677374736974659,2.56798751418596,-4.16115662409866,2.21545034241389,-4.83853136107332,1.30371242224715
473,-1.44806616340694,2.31351727455791,-6.28659752448026,1.87755343309988,-4.83853136107332,1.30371242224715
474,-0.541844318683842,2.23697392040549,-5.38037567975716,1.80014882372529,-4.83853136107332,1.30371242224715
475,-0.481872788425217,2.18022836872998,-5.32040414949854,1.76347020183508,-4.83853136107332,1.30371242224715
476,-1.34855217481101,2.12707243607593,-6.18708353588432,1.68554280142866,-4.83853136107332,1.30371242224715
477,-0.996347778432773,2.29837221700498,-5.83487913950609,1.86457811770721,-4.83853136107332,1.30371242224715
478,-0.945022969051252,2.19700154888543,-5.78355433012457,1.77054257623692,-4.83853136107332,1.30371242224715
479,-1.99716247060655,2.20539792174479,-6.83569383167987,1.7896722083085,-4.83853136107332,1.30371242224715
480,-1.63215865442852,2.24919645419227,-6.47069001550184,1.82643250370721,-4.83853136107332,1.30371242224715
481,-1.40898141349245,2.20679279245071,-6.24751277456577,1.77962586043886,-4.83853136107332,1.30371242224715
482,-1.35406969843576,2.22745668035235,-6.19260105950907,1.80025920616313,-4.83853136107332,1.30371242224715
483,-0.905473451354304,2.26941673718438,-5.74400481242762,1.85105736186706,-4.83853136107332,1.30371242224715
484,-1.89406895767697,2.44019059358456,-6.73260031875029,2.02713361540283,-4.83853136107332,1.30371242224715
485,-2.02031954313903,2.53829153310218,-6.85885090421235,2.17390461664561,-4.83853136107332,1.30371242224715
486,-1.77660869080818,2.24204192160973,-6.6151400518815,1.81410909678013,-4.83853136107332,1.30371242224715
487,-1.14045288708015,2.15187989733194,-5.97898424815347,1.70216523956074,-4.83853136107332,1.30371242224715
488,-1.3452037481678,2.24315146545067,-6.18373510924112,1.8090984574312,-4.83853136107332,1.30371242224715
489,2.17017959118147,2.5670306131189,-2.66835176989185,2.20118480731455,-4.83853136107332,1.30371242224715
490,-0.576688602140353,2.30109692301679,-5.41521996321367,1.87567419447171,-4.83853136107332,1.30371242224715
491,-1.605218168688,2.3393800126846,-6.44374952976132,1.91792703826623,-4.83853136107332,1.30371242224715
492,-3.04083741665598,2.32526487372645,-7.8793687777293,1.90081544211845,-4.83853136107332,1.30371242224715
493,0.309862353023864,2.32917023760933,-4.52866900804946,1.91169754011411,-4.83853136107332,1.30371242224715
494,-0.827348751594169,2.46716281281202,-5.66588011266749,2.08420804378369,-4.83853136107332,1.30371242224715
495,-0.866909140810006,2.27556818612814,-5.70544050188332,1.87814679296022,-4.83853136107332,1.30371242224715
496,-1.42888802416823,2.22872478340755,-6.26741938524155,1.79011345103408,-4.83853136107332,1.30371242224715
497,-0.827873194512494,2.29734071608644,-5.66640455558581,1.86493998491629,-4.83853136107332,1.30371242224715
498,-0.964982285858827,2.3117788726223,-5.80351364693215,1.89922706834833,-4.83853136107332,1.30371242224715
499,-2.23691978919715,2.34104786898447,-7.07545115027047,1.94336427594929,-4.83853136107332,1.30371242224715
500,-1.18378335098337,2.25585244627564,-6.02231471205669,1.82993230204621,-4.83853136107332,1.30371242224715
