"Est","SE","SE.B"
2.0248804689396,0.0842959622033404,0.0842281026688321
1.99275237610246,0.0801986140938094,0.0791615865383682
1.90831453062798,0.0886284866959859,0.0890208266382468
1.92610402454766,0.0882939346250636,0.0884531307601465
2.05663291730885,0.0888683791402237,0.0885149634667494
2.08524835069662,0.0877889143886436,0.0877104053898431
1.98374497633954,0.0890976720436039,0.0879899558637922
2.13057578170266,0.08414130477676,0.0850458569679462
1.97377399981507,0.0901013848564386,0.0906922196289583
2.06993247858467,0.0830650185293843,0.0836222952467785
1.84565773299611,0.0871621592117667,0.0869483545708615
2.21837682506979,0.0857947848122277,0.0852292140927655
2.09954972963678,0.0904943088328881,0.0897634161612232
1.96971598914933,0.086337390613323,0.0865702477444021
1.87679416331311,0.0856529920528186,0.084883720921372
2.03175983362003,0.090103080312543,0.0883780875218818
1.94441661125013,0.0834019617175542,0.0833136544794684
2.05636176769013,0.0828250227809676,0.0830654991411636
2.02057878100447,0.0873545469714386,0.0869228107796157
1.91698828529889,0.0867005525139025,0.0859944025846102
2.16223833488213,0.0903164977642514,0.0903752962764721
1.80257048999009,0.0910912088293697,0.0913844944781166
1.85124622820204,0.0919146868584011,0.0919064465315628
1.90071169980426,0.0910541837116021,0.0911749709699427
2.08561665634752,0.0835118260110958,0.0834682140920951
2.1810767290489,0.0913298271747344,0.0915241407575501
2.01046446886604,0.0859998536874882,0.0851553012896346
1.94035334676406,0.0819945845675363,0.0815436591225002
1.87339201865233,0.0848775186168869,0.0842965229244354
2.12231327495629,0.0860812468622468,0.0863884810310115
2.00894845356431,0.0839687743219049,0.0843753666467791
1.88469491201577,0.0861485690464336,0.0856484697739684
1.78324017149969,0.0839448759892215,0.0844374177505844
1.77359349867438,0.0880600915524453,0.087691608968276
1.85550646358854,0.0907431780427617,0.0901744706121446
1.79842717210747,0.0860885274063455,0.0860417310728485
2.11563621015756,0.0809649118971942,0.0814460308542015
1.93530571409103,0.0811884892475801,0.0808411914399449
1.96544285612867,0.0937541523208471,0.0933657599173231
2.08084383238873,0.0850222490163343,0.0851396609261767
1.99704839956342,0.0860889902016311,0.0849996785403462
2.03520851914994,0.0869990323805577,0.0877541018099849
1.86707140044451,0.0888076492194819,0.0881560235062056
1.96486973972931,0.0891379030188184,0.08918373518122
2.07291452313702,0.0846272678833655,0.0846392739515516
1.93711088910278,0.0848089631079292,0.0849363720199633
2.12930499150134,0.088277876145723,0.0886950169928846
1.86887723482973,0.0894407977950635,0.0886740869587728
2.09122691134802,0.0904461601093166,0.0901305856394108
1.88935691051461,0.0904491900320038,0.0892982864918278
1.95530951225648,0.0881980998100859,0.0881196133033883
2.05358857854909,0.0908513841990539,0.0904157138384076
1.89802778134348,0.0865454573580597,0.085632234531258
1.96230447227309,0.0912010657508766,0.0910828334233875
1.86037980970542,0.0888101252163615,0.0882585230025863
1.89335990977263,0.0916412087005732,0.090695045026231
1.98925595641563,0.0910822882436905,0.0913091331030693
1.96791953189567,0.0810757013903765,0.0809993072299122
1.91739802868521,0.0880904497058282,0.0890282049832449
1.92533324282307,0.0852697133775762,0.0851964718151459
2.06681114848007,0.0886346952688511,0.0881380090891223
2.06618223491408,0.0822786570834598,0.081039460104651
2.07289374420685,0.0842043452250386,0.0845098170107601
2.10091877304864,0.088293978602144,0.0896632515804041
2.05861138488591,0.0884328695033031,0.0898050979566866
2.09041931126979,0.0882977818854386,0.0893722846312084
2.06448969917116,0.0849207974535399,0.0854457481821073
1.89502046364783,0.0883825000365584,0.0885544737653642
1.82378679064021,0.0888764890771503,0.0877881484093965
2.0299504209056,0.081995744016109,0.0826027982070993
1.92697994186208,0.090105681711964,0.0899470337436562
2.1081145670629,0.0871513653620795,0.0867352680043665
1.99247099519627,0.0930750412615641,0.0908500074606834
1.84634155699722,0.0863448044783184,0.0864990377828875
1.99188039363301,0.0909635065601677,0.0911120814919412
2.09992037487788,0.0856352741220359,0.0843064447037684
2.02248123514128,0.0842280641885634,0.0837194597021426
1.84146789534018,0.0817447845648876,0.0819352796864333
2.09623408711655,0.0896962488218034,0.0894972962892234
1.99463015955236,0.0820485754654345,0.0817276050829479
2.02152848289394,0.0885873993748823,0.087054886123042
2.00936481016637,0.0788896703909535,0.0783618617426357
2.10725817254313,0.0864299045536,0.0856951463066461
1.99822422846685,0.0850497995407705,0.0849264294684364
1.99626897637831,0.0851498253308137,0.0852101705646882
2.21391338019997,0.0864064539557001,0.0865153588216797
1.77080780036948,0.0949354717392112,0.0954371747091568
2.03208673353512,0.0876587901639561,0.0874715690306839
1.92476423424598,0.0881415526327496,0.0886784248346544
1.95697462279896,0.0841782355484334,0.0831423862535747
2.07534064455137,0.0845300983172286,0.0842015319547833
2.05715226296857,0.0876687771976246,0.0871792283857544
1.9962911985046,0.0858033623748625,0.0856845752237285
2.0373125956776,0.0847217820081843,0.0844382850764556
2.05335291024324,0.0874094541005757,0.0860358507309294
1.91490667277425,0.0866720676079233,0.0868846302607122
2.0382745126266,0.0910977612180048,0.09091913659161
1.99079746392889,0.0805560014736479,0.0803124977341767
2.02708655953473,0.0845468544018692,0.0834290441932313
2.09134466227794,0.0851798495837109,0.0852984912851029
1.99355438308234,0.0860790854630943,0.0866856962926186
2.0514329684867,0.089540006955493,0.0895013191267693
2.13922566004254,0.0883083530035918,0.0873508594602817
1.97152480097041,0.0849667520977954,0.0846492778517759
2.08261394078769,0.0852676928147315,0.0852410713846471
2.00599442054904,0.084226880024911,0.0834630254012985
2.05901996924017,0.0853665740568142,0.08423003187079
2.00024266374574,0.0911529388493202,0.0914009566500909
1.91416864489544,0.0838205492912978,0.0833049009553882
2.05786590606366,0.0888002205050372,0.0882907619600714
2.0805866703623,0.0836324980792073,0.0835817348671075
2.06292752153895,0.0862828868110821,0.0861102361322559
2.06738407356843,0.0919703446989133,0.091469679492897
1.97486122389511,0.0920069439524267,0.0930590832762528
2.00186146908008,0.0820854457192195,0.0815386618245778
1.89760262211342,0.0869448309666628,0.0881213001929069
1.89547289947988,0.0954660808768166,0.0944783759252387
2.01007412477171,0.0875829061750543,0.0869478077632072
1.88872372541416,0.0888088842561066,0.0893343847027908
2.0941152393717,0.0829537401102065,0.0832074230740383
1.96036506738615,0.0937816359959828,0.0946879295932132
1.91365800790424,0.0904771864377652,0.0903542708032537
2.03272652753289,0.0850095718319402,0.0853936754030368
2.14205397373429,0.0839268044146615,0.0839034532292733
2.01612582077788,0.09064971972097,0.0906930132772486
2.02730203173473,0.0857252510635105,0.0847043135308969
2.14122210844246,0.0991014798482657,0.0980296425273766
2.19593396131299,0.082352368361599,0.0811243359929056
1.9550496215657,0.0857048695972437,0.0849446761767425
1.99584490482038,0.0862724093106554,0.0857812667469883
2.03512808301067,0.0873247857268473,0.0864301258359569
1.94516712534201,0.0916412274515518,0.0921348263285174
1.94853716453817,0.0874281221852076,0.0879103684907065
2.10842445622033,0.0875226077489482,0.0870910434057706
1.96430554740979,0.0799139200137749,0.0789265806966545
2.12683545526126,0.0861438869814045,0.0855245930206303
2.01547435668462,0.0830528793050438,0.0827564516749976
1.93558341349031,0.0842428296299213,0.0839478029409882
1.95022964908211,0.087919199192499,0.0884758129494425
1.95829575846659,0.0896142925107817,0.0895240911090615
2.02630687264231,0.0862740674039621,0.0863089773589943
1.96519846607048,0.0901423880624131,0.0900297704610885
2.0324519413224,0.0880667178785872,0.087161535606793
1.82937304054869,0.0848721875495932,0.0856355044596505
2.08527384522716,0.0856414223769637,0.0848915487186019
2.06041616886843,0.0863741657186478,0.086293859510622
1.96125394422538,0.0855794013032356,0.0866318579091183
1.9240832393077,0.0849408152948579,0.0845425959052875
2.06976115087947,0.085274137957275,0.085003598814699
1.90846397317261,0.0892013245699442,0.0886791389671343
1.98293893254101,0.0868813889003259,0.0870191021766246
2.04199617823835,0.0879990866563129,0.0887176909596337
1.99737418368994,0.0834095665912737,0.0834358344268788
1.85109724707682,0.0823872292699697,0.0824602717651084
2.16117581797625,0.0892646521214454,0.0886305825251664
1.94417808254388,0.0825129976548945,0.0832966074086604
1.87822394703052,0.0886504228624412,0.0880309771735477
2.04756923258745,0.0856755920143672,0.0857781600824273
2.01412833377244,0.0868513170780286,0.0865745790859181
2.03774401312207,0.0862860829057098,0.0854844333484438
2.08982304593518,0.0805848026702408,0.0803819339539444
2.05084354973222,0.0790284872512316,0.0788833230161985
1.73574649042007,0.0815234405138979,0.0822613496220956
2.00446334011675,0.0882484812737654,0.0884647914211093
1.98824895568813,0.0860639101198325,0.0861114256909709
1.92727947671747,0.0914467650814946,0.0910653501528335
1.99675665519879,0.0924615044864303,0.0929194390645734
1.8985537801698,0.0902338966199847,0.0895506381150986
1.92969274881239,0.0850103382069709,0.0850191061405405
1.93825634380055,0.0834960298202783,0.0831733648443119
2.01621737457193,0.0821790292723632,0.0813507396122859
2.13077790359382,0.0863812981427227,0.085109773321511
2.11154866201797,0.0815567657790417,0.0815212616478129
1.99944298508025,0.0843875540011166,0.0844494481591394
2.01251783075647,0.0780245552151988,0.077170483806728
2.02276851729179,0.0975492010223545,0.0974415108143003
1.96406560782111,0.0904064025315678,0.0910230671401281
2.13431917127341,0.0903170472228871,0.0910430107591495
1.86278562371138,0.0852979309527915,0.085411837860738
1.97145349490939,0.0854178884733883,0.085389550897208
2.11031704613916,0.0906874986444093,0.0896378914493839
2.03746388030665,0.0855716238520692,0.0856076686187624
2.04874871671045,0.0792687204272252,0.0785567303031699
2.18020947007943,0.0861397014122226,0.0852551844489426
1.94773645867112,0.0853207491770306,0.0860637133293174
1.99670997157172,0.088481726778908,0.0882366697642305
2.12955535440252,0.0909917515976414,0.0904653982103829
2.17848514524602,0.0903564830314745,0.0911558179517335
1.98954013668889,0.0841251917760881,0.0837829375942587
1.89747128703245,0.0872085942442622,0.0877283092948951
2.00860611543399,0.0870741066077793,0.0873065541781905
2.04577616922123,0.0830021546104147,0.0833373245171901
1.99544822848754,0.0882426219216157,0.0882648554807808
2.0502658898179,0.0911649644084184,0.0910079291741469
2.0168267135164,0.0815406206532253,0.0813726168968252
1.87846560865075,0.0866867701594921,0.0863071069847545
1.81552185640524,0.0866575306332771,0.0856905675656863
1.9961298013265,0.0868338923300701,0.0869491049984026
2.02985451569819,0.0882456416316848,0.0875661992331134
1.993960326266,0.0898103924181763,0.089483705195052
2.00658139103893,0.0874755808883991,0.0870014571972481
2.09200311415761,0.0893494597325441,0.088485802622336
1.86586392990616,0.0871958714957798,0.0871396881221644
1.97930109687196,0.0795845651558937,0.0804715895542695
1.97878791309016,0.0952423008759921,0.0954469662731939
2.09176731965088,0.0874995357104718,0.0885095844652838
2.02404368503222,0.0941788661741377,0.0934748965760802
1.99698029615473,0.0920664965028003,0.0925422891709482
1.90097447256156,0.0913201314813889,0.0927004944284892
1.92303330563411,0.0881671290135692,0.0877803323529114
1.96390295936476,0.0851344372201375,0.0843729219254848
2.05780942531258,0.081394082236777,0.0823804965023141
1.99660643969054,0.0960828169364916,0.0955325132890815
1.96855609307928,0.0837023264398587,0.0843501475680337
1.98151082403244,0.0871289886217044,0.0871768128412512
1.98599308838854,0.0874301601156177,0.0879913616942843
2.02576702793294,0.084313573297401,0.0843121523461864
1.92308887537717,0.0901127314432476,0.0905462852521658
1.93451931345011,0.0859918342041037,0.085985301114345
1.89176347654306,0.0858475329463973,0.0860210627011126
2.03289295775485,0.0869757003626314,0.0874213633366789
2.03862680122049,0.0875001111918094,0.087396844167511
1.89782253819349,0.0843510657572132,0.0851663633901303
1.94574673271404,0.0933828548081854,0.0930262212939863
2.0914453576163,0.0860338242821198,0.0856531384915741
1.97172512046857,0.0854239442107746,0.0848667907667269
1.97629672762495,0.0893371027270455,0.0896404269794986
1.98982007865154,0.087108068675061,0.0871056641636126
1.94211083662133,0.0899480647175038,0.0908163732149223
1.90013465063791,0.0862691552704972,0.0856883802458456
1.89001819128158,0.0882425890005037,0.0868445093188076
2.11345473273385,0.0907336046672914,0.0910311039963497
1.9366754590817,0.0878570721198495,0.0881377287279568
2.13134960871572,0.0853852268904334,0.0859191569787712
2.10603287398708,0.0895464116447362,0.0897540641069525
1.92716455285276,0.0889824000269687,0.0888391734758985
2.06632898172094,0.0893160411812633,0.0887131506546592
1.93505009996712,0.082184770090083,0.0829563462969456
2.02650652643487,0.091895039425551,0.0921450238009881
1.84238129223002,0.0866071125665952,0.0864805847129028
1.89160297048089,0.0858271560394715,0.086323148422435
1.86830017401313,0.086753355376289,0.08493944465531
1.97743130464387,0.0858421935064502,0.0864973161725891
1.93550441989838,0.0897415509099988,0.0894198511732133
1.88084498166508,0.0893942298680471,0.0908053034108863
2.02380577262795,0.0828151151132794,0.0826049354293515
2.11523257670231,0.0860772608735049,0.0849102619933429
2.00216172475805,0.0866357912711709,0.0867322554842013
2.0571101785929,0.0832211736776153,0.0836573365896094
1.84413883783394,0.0852557520583868,0.0847089777763468
1.89536487528396,0.0905647577920138,0.0900865957452587
1.95128875760742,0.0815120733204345,0.0814469363755795
2.02678373583386,0.0845977415573543,0.0846851523549868
2.14936144200691,0.0892059109720672,0.0889878257553993
1.9790092042292,0.0896795387484573,0.0894672042843438
1.85783171962073,0.0834105329872885,0.083625046957737
2.04134711741779,0.0841287759895841,0.0851517810138631
1.94698236186933,0.0868850202345479,0.0870598476837059
1.99328199633997,0.0908157152196609,0.0921413740625275
2.05822855351252,0.0854455057941855,0.0858831226330834
1.95370046176169,0.0865895413460988,0.0864259525291246
1.91314847886816,0.0846924603038593,0.0854747155950396
1.94458897231952,0.0912722620068488,0.0904601372375352
1.93696431884053,0.0849131477196533,0.0852333738585077
2.0381992851511,0.0887186665582154,0.0885612113408374
1.93864619218478,0.0922881242258069,0.0930888138244062
2.06550941106356,0.0869978177185376,0.0866763817878545
2.17072725338144,0.0837309240914076,0.0836435780769295
1.9938685276545,0.0880527830357992,0.086407665084826
1.84826721370878,0.0843166935496963,0.0839249106450182
1.89008650721616,0.081556164330894,0.0821081185957675
2.03110176516763,0.0892383719796265,0.0889730679355447
1.974343298523,0.0907065256725723,0.0903686065299313
2.0030435299433,0.0885238936192249,0.0892427612287066
1.94053117737628,0.0836480295747225,0.0830455721192543
2.15916108380037,0.081653817586231,0.0828036327641457
2.1427543788961,0.0920450664647902,0.0915636987117082
1.93545363468047,0.0819918796340397,0.0817312922098167
1.90174577065507,0.0870425218622953,0.0869959766439639
2.08503827444287,0.082514796395527,0.0815402180562045
2.02855537530874,0.0858014153763735,0.0862054721062182
2.01469651305046,0.0871243239970906,0.0871006102055638
2.04911533567678,0.0886242573822889,0.0886611192924475
1.9726575397824,0.0909097621438984,0.0905444100543254
2.08780930263193,0.0841503906234037,0.0851528060449402
2.0209033064391,0.0878561796226873,0.0883044147457245
2.08270369742439,0.0846233771079176,0.0859440204253512
1.96477583200824,0.0846214830107224,0.0846444383308419
2.00106684408736,0.0874360687890682,0.0872598522378185
1.99051278288394,0.0805149085628116,0.0811281205126428
1.97024677821879,0.0852985159337382,0.0859016033418593
1.85300560684472,0.0898132973910115,0.0902153335180283
1.8421760732255,0.0877388764034901,0.087751953223947
1.83842016809388,0.0856923396823131,0.0867231941528056
2.07535511186736,0.0906302833652203,0.0897830394478932
1.98942118881353,0.0828621375472387,0.0827892647366164
1.94366050966987,0.0905932873108842,0.091102144265943
2.0836401950183,0.0859924291727091,0.0871707132431599
1.9953445293123,0.0891370898766998,0.0890715010330031
1.96579056248005,0.0899399991755766,0.0897364115266013
1.94358072738543,0.0858735667348173,0.0858632298998536
2.07970429068386,0.0898434512987597,0.0880188099606954
2.00030913969647,0.0876053030562531,0.0883529911280802
1.91379508205348,0.0867519450035787,0.0863360322970105
2.03930595910971,0.0853038539219352,0.0849654177297741
1.9221251190861,0.0870205920471476,0.0866402163968408
2.13206492703186,0.0905292466661814,0.09045405762151
2.03233757821374,0.0880210168303131,0.0871361109860418
2.02132173089173,0.0887662802836276,0.0887684461763248
2.05928847101048,0.0897738835162206,0.0891391761314928
2.0310989548261,0.0806580517338141,0.0819649806023545
2.12343251145593,0.0859379965605012,0.0865462642102431
1.847486599202,0.0881655779797317,0.0884043596695945
2.03669045750159,0.0825298718087319,0.0827247324105191
1.97626111115907,0.0861288220973373,0.0864203603555159
1.99132166861029,0.0850584595932026,0.0844927936245645
1.9543676822758,0.0845103965061437,0.0846272103043141
2.13122071872093,0.0879595534875593,0.0881777253595174
1.97557474714745,0.0864169336055559,0.0861752464164057
2.01871696633816,0.085717415385926,0.0857304767582193
1.99159273416569,0.0861417548160437,0.08583110895072
2.05073532309298,0.0846861428446995,0.0852333091240656
1.98608703411111,0.0842384582005456,0.0842671644842491
1.95726201414426,0.0834303570252818,0.0840831731472471
2.00916308671343,0.0904443324604474,0.0912590946430885
2.09228068443269,0.0875366300139606,0.0876365465666828
2.17040034345723,0.0840704850068999,0.0852216289530872
2.21104777701774,0.0851325847909042,0.0845854468105362
1.99507313015966,0.087009246849658,0.0877706563992619
2.12690831570967,0.0890656124369793,0.0891373874000054
2.06962977695409,0.0889076627561413,0.08891404488561
1.97188865976865,0.0854102656873365,0.0857398398279765
2.12899447297841,0.0894021612251305,0.0892302581015535
1.87212712072631,0.0879960523591556,0.0873857417951301
1.96569305114025,0.0883849945537332,0.0882930516007673
1.94291884501643,0.0825569933288976,0.0825506087178641
1.85905794699671,0.0831516977282691,0.0819934489947941
2.01072088805182,0.0864373106307806,0.0857390044228568
1.91599210441944,0.0862523812282901,0.0865923510419529
2.02980098922265,0.0860547114776796,0.0861869580968941
1.96075380394892,0.082792995186504,0.0834457762406793
1.88682883407806,0.0815358328015656,0.0809851626489548
2.14899675141449,0.0864904104488929,0.0873397212447687
1.98613702240925,0.0876032072464267,0.0877995433561736
1.96349657213622,0.0854001221319297,0.0857150971443868
1.96317324368898,0.0847140290119175,0.0846049297729057
1.99848185616062,0.0854605622046814,0.0856679339040726
1.96639797923924,0.0838957226302898,0.0838022581597797
1.99921935162994,0.0921188399961899,0.0921130770615623
2.19667945345786,0.0877531446274739,0.0878067571560782
1.96869485238165,0.0840865976168134,0.084654544115612
1.94884877080641,0.0812687975871752,0.0813584170555262
1.93416216228443,0.0837361486104028,0.0838533745570725
2.03420700695685,0.0924308555581782,0.0919574630937457
1.94895206931716,0.0812622477120757,0.0800491400398949
1.98131200210929,0.0830757759606745,0.0835383313893385
2.0116855840233,0.0865017467510159,0.0863892023737962
1.86253761845145,0.088499999534255,0.0896748015655002
1.90363898317154,0.088711992041323,0.0888954608311634
2.02530737909739,0.0848897980430826,0.0851996204311473
2.05277272906746,0.0833842341545784,0.0837669347093891
1.85976067009273,0.0850098729259237,0.0846295311085468
2.10743430043031,0.0881903913681684,0.0881878899439645
2.05041877819644,0.0904464395174764,0.0913869678716403
1.96865245809729,0.0876139728731867,0.087387650391298
2.06507240950517,0.0852052246960331,0.0845151081388316
1.9512326192887,0.0858403573608848,0.0854063951057476
2.00756904076142,0.0843297533060896,0.0844347560478744
2.03531415197808,0.0879158721502041,0.0871342594496396
1.76971079136934,0.087954710277621,0.0880438355235134
2.0374269090383,0.0909903326150636,0.0908065293734257
2.01279650674126,0.0861025116513018,0.0864040650715829
1.97639196034772,0.0833713217076617,0.0835189073311038
1.94991571067363,0.0861448845132891,0.0859876588631317
2.13069255521774,0.0903095665955205,0.0905507965659726
1.96655982090902,0.0861522068952028,0.0857499262658831
1.94075588089158,0.0912191376572126,0.0914176115417992
2.00994030416315,0.0831471013016667,0.0834876320317515
2.08360106784807,0.0892076351095964,0.0897701446342197
1.87204130828034,0.0849354939963275,0.0856190606785712
2.04820349128407,0.0885723006889894,0.0887090447142867
1.96076502302732,0.0818380579921016,0.0817656590405742
1.8595204917257,0.087566397996414,0.0862992309896208
2.05571185337188,0.0823191766796556,0.0824276989970644
1.85886290950461,0.0841190317503198,0.08444894250759
2.01327414832153,0.0857956092445699,0.0852783809800221
2.07510655729346,0.0874372253355413,0.0877432817961551
2.09492672387042,0.082942541260141,0.0822139943312747
2.23944317519533,0.0865631316933731,0.0861752953525807
1.89119829777307,0.0844236194181563,0.0840760217072374
2.10459019475389,0.0863607971748056,0.086607041091775
1.93993438653326,0.0852838535994814,0.0857205464509413
2.05700673906539,0.0838079268280016,0.0829714096126901
1.87536890990678,0.0863759437144898,0.0869134709985298
1.97069438977598,0.0798603067945633,0.0799185576255269
2.00472322937458,0.0857396008418246,0.0858689600310804
1.80533608954874,0.088669727079503,0.0880809231630828
2.12850805358916,0.0852214026738921,0.0853101038670981
1.93892682844862,0.0834168036518458,0.0828911007459593
2.06670211195439,0.0867256405410037,0.0869350196874846
2.02359338625623,0.0807803471156291,0.0805919310621632
1.99457388894112,0.080423725811285,0.0804208969389576
1.91790671571074,0.090797840874539,0.0908669610455
2.07506559320116,0.0882481293113961,0.0871483573740925
1.89423672270629,0.0864321816174617,0.0857863809720063
2.00861938150302,0.0864714625979025,0.0862764282198704
2.01586726815779,0.0844735598455313,0.0851148976001203
2.1297629975651,0.0872193037300241,0.0879362444038401
1.91499680146004,0.0843378168309273,0.0845149736987968
1.98297455307646,0.0832778089303273,0.0828290712162569
2.0095208050806,0.0892096800622064,0.0898772842012253
2.06981192440567,0.0877062629067313,0.0871566154972388
1.91728379092741,0.088717547681566,0.0891755923372927
2.1284881300894,0.0888619336395472,0.0882162955686353
1.90126613874253,0.0833872808772504,0.0828949077195623
2.09228816773552,0.0897423646092455,0.0896111623066935
2.08377512909492,0.0897763918088184,0.0903466869823754
1.97492431904335,0.0868364229198296,0.0878101730843437
2.04338334285419,0.090105405921077,0.0892516868604134
1.96328421506851,0.0884152288180089,0.0882816268669388
2.00570755092086,0.07879033551679,0.0785230669041352
2.00492014377489,0.087048232019321,0.0876775375543482
1.96873906756747,0.0849730697382844,0.0855162987621453
2.00875332545898,0.0884124437164928,0.0889074557211546
2.06964597646011,0.0855262543354326,0.0849936744326795
1.93705266094076,0.0903833943968946,0.0911426374164977
2.10014200374325,0.0930566160212382,0.093189608767444
1.92417100444548,0.0894348177493852,0.0888030822819792
1.99874247249158,0.0919263429355588,0.0912770824309836
1.98672857249705,0.0890520626213866,0.0895840724722619
2.05855171186419,0.0844654903242252,0.0845064560730272
2.12794962149063,0.08724383824085,0.0871799385376865
2.12200717372576,0.079663141284019,0.0806854126975558
1.84373889868068,0.0876413021231666,0.0878519805149509
1.94896786560504,0.0873830518821645,0.086948583190652
2.11209075774746,0.0877704922247374,0.0876145040543218
2.065573388433,0.0948427264778388,0.0948680261754232
1.95324921022236,0.0813157884172737,0.0809195361116967
2.06591007233129,0.0930045250004462,0.0919946009343477
1.98651479604952,0.0929178432309415,0.0937640153252978
1.92083567225937,0.0857962227454972,0.0860567027557774
2.00840834073781,0.092303101644529,0.0919827257750541
2.0823586935662,0.0873537206084143,0.0880253558407992
2.06607666834348,0.0839171253846069,0.0854191019219755
1.93233640032808,0.0841298530568705,0.0850115824318869
1.94516622065959,0.0862767511177602,0.0871361849054727
1.84702139114744,0.0893713449065206,0.0905816782499737
2.01594337980799,0.0851632234174025,0.0841152780528058
1.98407787348989,0.0903778498351233,0.0905704839831487
1.93193541792133,0.0861521368720368,0.0847407142858596
1.92081413484033,0.0845860518176916,0.0840737548581707
1.97710380089622,0.0920729969224162,0.0905354037097647
2.07274439510461,0.0905065656857033,0.0900713639002524
2.13507095926638,0.0886722705514943,0.0878977923666514
1.95484532463321,0.0934820912378448,0.0938854076970401
2.0358334724014,0.0841599781621961,0.0837448143290955
2.01392988310891,0.0897695971659808,0.0907377659432825
2.068314589397,0.083386557589171,0.0824389260853494
2.07197036405181,0.0949169208803888,0.0961021579784228
2.17748534105283,0.0840571938450465,0.0841478690887513
2.0075794229355,0.0872593824105884,0.0875978052151804
1.98661793379993,0.0853266991385367,0.086179127243505
2.1656518113621,0.0861651102273584,0.0852324135521613
2.0181551628812,0.089504032378646,0.0883463934463678
2.06251678397379,0.0859486305756223,0.0860316246127821
2.04026579259319,0.0837579828520067,0.0826480109589289
2.06995777181342,0.0863974862683546,0.0860129537094518
2.02172173748851,0.0806100165356638,0.0815877927590322
1.85625495777628,0.0851599947793341,0.0838632053814504
2.05849257396732,0.0916632679778382,0.0914857037745364
2.05244976226459,0.0878472833739675,0.0885344122884481
2.02551567899786,0.0843878850837631,0.0838617135892842
1.93404083335489,0.0808821356056212,0.0806259939935772
1.86119114573477,0.0858038481761001,0.0856074341882413
2.1368044786867,0.0854708655763874,0.0852956236083659
1.89853281297406,0.0905534440728139,0.0893126494390337
1.99989998973316,0.0851097898601346,0.0852565884372212
2.01431979380172,0.0874393794805747,0.0873627436279284
1.95229386868347,0.0864206813445675,0.0856434989559989
2.17257457770216,0.084570147938092,0.0848805679934783
1.90401878311261,0.0863327408168195,0.0875855795013961
1.98233910418412,0.0842277321501588,0.0847347306589127
2.14826966369131,0.0910412017154035,0.0906708523788108
2.15017793722891,0.0835481480628863,0.0833517430551383
2.09591882426819,0.0806199152042211,0.0803826510029889
2.06415441197773,0.0917412928797535,0.090639583785632
2.09956942396805,0.0810289714548257,0.0811598380635781
2.15211743574449,0.0792087944695578,0.0793150726082127
2.01281976486476,0.0900390453715673,0.0899855053024397
1.91106915064599,0.0891356458556429,0.0894872343585554
1.89068265306626,0.0885213178454773,0.0884233499811096
1.9911645763747,0.0819894403833732,0.0828411163942891
2.0150053512309,0.0841168254340003,0.0844187027475554
1.92783629996864,0.0898761931568582,0.0897427558463739
2.06786472099271,0.0894716497406266,0.0883883830489217
2.12977703693278,0.0874015038828597,0.0882303092483645
2.0405513123967,0.0883423907981495,0.088891894817947
2.11910882215619,0.0829627785468519,0.0831877534855224
1.95481412632786,0.0869107628833976,0.0876425691737336
1.97605380579439,0.0853365190470726,0.0858921915333571
2.07041641283249,0.0884181624330505,0.0884484422470727
1.86070754403652,0.0821666484918057,0.0820463254809654
2.04754402821604,0.0858163624244385,0.0859533011001006
2.01899618367107,0.0839975767975598,0.083164209759436
1.98869611566352,0.0822185865427248,0.0823483469536574
2.04129185584963,0.086156331145489,0.0858854844004254
2.1781265574424,0.0855579487711875,0.0849258666473407
1.96787046704205,0.0847091359333955,0.084116370499791
2.07577191330601,0.0852183297132536,0.0848348673081139
2.00832726980836,0.0837580780432981,0.0844353942729144
1.9898149141533,0.084303000688457,0.0848003819422229
1.92582157244069,0.0847148039046548,0.0836166822564016
2.10197523836917,0.081452595477821,0.0816852406880915
1.95724131592799,0.0874329228542551,0.0873510195661222
1.93080140871842,0.0905937047110816,0.0903866349419638
2.00121526421635,0.084129077833597,0.0843873379886865
1.99852005287959,0.0882588348005509,0.0886174338540088
1.85856628737544,0.0862736809893117,0.0867600031500084
1.91352341614809,0.0860975425292105,0.0867787338502638
2.04822607014103,0.0885568799219387,0.0877195306443534
1.66099597098313,0.0849268784317002,0.0851237869364756
1.94737099680341,0.0901037104230422,0.0905504279568567
1.97734845647236,0.0881947419852873,0.087777808404292
2.03472443626727,0.079523431282946,0.0800628429419638
2.04662975284125,0.0842551566210734,0.0843516596682433
2.06071805692708,0.0873223730537438,0.0867865080253988
2.0461011167634,0.0968868730560752,0.0973761806010296
1.85437896739183,0.0838337284785814,0.0834648915049119
2.00011533962183,0.0894438476276904,0.0897543807673853
1.81961192507831,0.0817267443284447,0.0807777444883903
2.09112732425777,0.0929535103528783,0.092623724410593
1.95925868091189,0.0890865935995332,0.088716368875483
2.16204947235791,0.089783163468318,0.0894897099507816
1.97991536845882,0.0832935684512967,0.0834657768094371
2.03695692292097,0.0903694689345362,0.0894145504589171
1.98080333928688,0.0867789299352279,0.0863108414666774
2.1165137883551,0.0908789795178986,0.091128721442901
1.99722754620886,0.0830841675800732,0.0821768589435905
2.06729148740467,0.0889868110453589,0.0890072330973085
1.90339988395572,0.0883434647471336,0.0887428220105381
1.95617137767496,0.0802211343727215,0.0806068514463835
1.97429942887227,0.0814800834673134,0.082505356991847
1.84392016907335,0.0874181205280158,0.0868913507600927
1.96096719408764,0.0848994864449209,0.0847567988712812
1.98432696484576,0.086926801315047,0.0869130689196165
2.03940912656261,0.0863657522193586,0.0860654768008315
2.12748663305775,0.0866414598085209,0.0864636672385321
2.12571971541866,0.0860445080015938,0.0859761907061098
1.94086394402016,0.0866330719409062,0.0878509473638401
2.07373865392548,0.0846952895080773,0.0842725836005137
2.12238599796186,0.0891157540396882,0.0880827058222372
2.01704455839394,0.0914801396170703,0.0912683884794066
1.9200662651062,0.0891706972051353,0.0897221608702935
2.02024174692894,0.0838754094356681,0.0839518668616598
1.95891492091804,0.087846013720563,0.0884047962611427
2.01025568516513,0.0876594672077888,0.0865974919485738
2.02419504793775,0.0890084406533164,0.0885726362585254
1.98025479225099,0.0852471719292412,0.0852950141630116
1.9940842636038,0.0787970913099421,0.0783970531743974
1.91548004573225,0.0908673114319474,0.0900613505322119
2.00913960216181,0.0844207159731191,0.085261163948188
1.89991634773263,0.0916067585212911,0.0906592530867303
2.08008103142563,0.0872014506479618,0.0866864540134247
2.06217760424253,0.0856693216521716,0.0845941278201147
2.14513036798775,0.0825333241494273,0.082193340286601
1.97580936297341,0.087444008268343,0.0866938625262388
1.94144852615744,0.08597662968752,0.0854959589967667
1.85575328948941,0.0891280390996466,0.0888027852022469
1.98973335534969,0.087840470738997,0.0886178269378877
1.85963518596834,0.0886239616814443,0.0892405668463384
2.07493522834094,0.0823811236519702,0.083601645640627
2.03364813504277,0.0872951384144571,0.0873070530129949
2.06417629820453,0.0854414406518834,0.0850145043744671
1.97106795122017,0.0823626147372787,0.0829432918202332
1.93541505840262,0.0857827894880904,0.0855053876110715
1.92981531153023,0.0814904485463582,0.0813580971144041
2.03038925608826,0.0890106712404478,0.0879209014222639
2.11114957646867,0.0887501414930971,0.0882606852675728
1.9770566057283,0.0830070320929632,0.082839728408312
1.98984620987701,0.0889907622057468,0.0897822216362129
1.82492177753564,0.0890875469096193,0.0883832156537304
2.07622311221891,0.0817116433301851,0.0809499303191381
2.15492981109173,0.0835245509413864,0.0837277652876295
1.91731399184628,0.0888953655757514,0.0894119865399597
2.21245890190833,0.0821009741724494,0.0828004494019643
2.01733031723012,0.0910168432063412,0.0901031932701837
2.04868958304593,0.0875107274610776,0.0882481026630232
2.10105007643952,0.0934130106104891,0.0934946146936509
2.07557946149351,0.0839447320935712,0.0839029968649074
2.0311020951758,0.0863196270212782,0.0861881715414134
2.11006665204507,0.0899984786361882,0.0891440572934621
1.83808306845964,0.0872159299206359,0.0867851253743272
1.9277019886119,0.0857392349408782,0.085817530018538
2.12589408233619,0.0895905072718487,0.0894567227528456
2.15220474912074,0.0862137239157026,0.0854581144114455
1.99068873325532,0.0844429197073729,0.0850150023077559
2.05357374788439,0.0886645971280516,0.0881486730266597
1.95504524532532,0.0882285338443503,0.0884636072823478
2.06092517660382,0.0836649114177101,0.0842688832049857
1.97931266975161,0.0833843636277474,0.0823562605759216
1.99619029140934,0.0855295812210475,0.086843805145975
2.22811551288584,0.0893395192866258,0.0899432197247582
1.95629711023937,0.089495300535259,0.0891214236396884
2.02950410270843,0.0957730319512402,0.0954341791041704
1.90642900500137,0.0838158583810332,0.0848134433298078
1.97942060927449,0.0882153759024692,0.0888326387831484
1.92307517981366,0.0836574062766417,0.0841125808519659
2.06180247313937,0.0863568473030719,0.085874800095967
1.91463445257655,0.0862017430573406,0.0859450628791978
2.06215678276839,0.0806363011999182,0.0809347168972797
2.11120106844998,0.0889557509978354,0.0896017158273923
2.23101563145465,0.0839052307110825,0.0837547441182221
1.9645375100097,0.0914691769304732,0.0913126916566585
1.97122496042704,0.0856981641723777,0.0853322201616289
1.98867842211633,0.0883068313868958,0.0885825323169869
1.97753616174747,0.0899406553993727,0.0894597947799034
1.95515809673908,0.0846841014954628,0.0851147030706916
1.9038112982924,0.0849076358543999,0.084171570424233
1.8648435543279,0.0852419251248642,0.0855953725851298
1.84909183019091,0.0813634725751707,0.081910597265563
2.00613620073257,0.08710648019773,0.0882192526323316
1.93118596956041,0.0812300122242313,0.0819897382023295
1.95896865150154,0.0897790399329171,0.0885974820199172
2.13302754043731,0.0847549381054292,0.0849626527343999
1.91714646465568,0.0850753637849254,0.0851173526425046
2.00276848264928,0.0862541807095864,0.0855126002639124
2.1022845275511,0.0957877173723689,0.0958208376693365
2.01362918140635,0.0824690195103408,0.0826427757076058
2.13217782203482,0.0859330641433595,0.0860648059606557
2.06974506130514,0.086468843808282,0.0864200496750159
1.94644866672987,0.086456064597607,0.0863448207108282
2.12458209302337,0.0863104999492761,0.0865124700010294
2.06887831916552,0.0888558785241623,0.0892197926391785
2.01966126453829,0.0909158387948936,0.0916802194880083
2.02504882643775,0.0856072508969822,0.0858641062557577
1.89201367404773,0.0927406658959392,0.0914953692528087
2.1441854424231,0.0868840832074972,0.0869708111580628
2.00547709290933,0.0903295270902226,0.0903642267666855
2.10042202186596,0.0893304451612695,0.089692784140502
1.91186195172158,0.083269178993501,0.0841565477400684
1.85132271888572,0.0922991162928903,0.0913117881355491
1.96614647373286,0.0861721000274369,0.0873594963410436
1.76232107250183,0.0892134544957285,0.0897563872868223
2.00854351449877,0.0873913321243682,0.0869146064407722
2.26243416259233,0.0878595750687518,0.0883034544467913
1.96697081724478,0.0854324588607354,0.085729755991629
1.93239964705172,0.0829073198445588,0.0826949962384518
2.02878753604504,0.084976437441836,0.0848448300300961
2.0398560640617,0.0880795547413197,0.08944445757348
2.04847284486511,0.0830948687979964,0.0835170505193836
1.97235610132504,0.0887121178779583,0.0874808602110164
1.8858253624144,0.0894917646678256,0.0889442861242262
2.1454793505388,0.0904042049005329,0.0899739434535904
1.95704852000878,0.0916990298128306,0.0916680778385273
2.1244836672802,0.0897232051564687,0.0902824412536806
2.07894684435365,0.0840917237156869,0.0838393815502127
2.09168913067285,0.0880366995130096,0.0884547770596982
1.90845823598524,0.0895949059662383,0.0895987227375823
1.93956369626583,0.0878982191437099,0.0879278045975198
1.91805769027854,0.0834306498010134,0.0839528303966703
2.01839891415134,0.0857796727669997,0.0858803396908802
1.98308821570202,0.0861975256711964,0.0854473578028485
2.0540726706566,0.0878310290837463,0.0888861163151164
2.04318510711155,0.0866934651079229,0.0867843064531068
1.93609333784295,0.0826363251361778,0.0826106476475596
1.96268594949135,0.0907418226853918,0.0909118340441291
1.98739024741057,0.0828234882227488,0.0824741537845865
2.06881754649777,0.0861578504741883,0.0867945898166993
2.04876428759154,0.0811772758177105,0.0816829811059714
1.92632346024697,0.0812877773469911,0.0812748710850564
2.14570499101973,0.0880765541299516,0.08892482746462
1.89982666444436,0.0858704936768109,0.0861351444958653
2.0647486285805,0.0879910274210571,0.0880837325738412
1.95179858925767,0.086872960612482,0.0864971507836953
1.90125472408791,0.0832465133007289,0.0839397015798201
1.9618532614875,0.0860087691505789,0.0865773951882133
1.97063558552917,0.091350943812693,0.0914860038223967
1.99434637014544,0.0943161116577679,0.093785114193807
2.0526071275561,0.0885287450310688,0.088944736298342
1.8768333723396,0.086864424969232,0.0865084304055858
2.12100586718626,0.0847958350534685,0.0847921251908114
1.9037222958564,0.0834573620157764,0.0833507017730361
2.15642345320884,0.0905313709979398,0.090935945105334
2.03323238149062,0.086964780108401,0.086879862931929
2.12551110865364,0.0810518571853077,0.0805856523064795
1.94043171610423,0.0875249868044801,0.0869722224917721
1.97877287454235,0.0905394199783684,0.0904575014003213
2.26331677966464,0.0936591115063583,0.0928312932867877
1.93187144446529,0.0845968670536945,0.083985535358551
1.9783206924725,0.0821952725336344,0.0830112374138495
1.96737284887642,0.0845252539929212,0.0847765069848568
1.87297080096657,0.0905395394573085,0.0907518789372172
1.91107554445486,0.0897328598469072,0.0906171309480462
1.95090631064275,0.0820120529349531,0.0809779738156444
2.01253315079259,0.0886909463590117,0.0884020648736991
2.06308794314905,0.0844677162901024,0.0847118114327525
2.10814837987748,0.092537971418909,0.0922743089679721
2.1265226862307,0.0898544361543493,0.0905110012782505
1.94903247820998,0.0864491472647044,0.086319998865897
2.08836863085984,0.0876653481238852,0.0876856676897606
1.91396950156006,0.0888007745508283,0.0884622157714994
1.97687452447586,0.0893459764787571,0.090388684538579
1.96692493345013,0.0838364710891634,0.0838905925747056
2.17060239348205,0.0859288417242494,0.0856100862951521
1.96696065286161,0.0849753648457083,0.0843791050418323
2.04589310251155,0.0836202432621279,0.0835951901409362
1.8552045100285,0.0860357460560489,0.085800031990286
1.9235569951359,0.0839704547536679,0.0847056620018696
2.01521956952593,0.0789138832501022,0.078334353035727
2.03027815561931,0.0824121054783099,0.0817925707491082
1.99561576676694,0.0878864703422126,0.0889051722566817
2.04839004236477,0.0853656360488081,0.0849951883288965
1.92725001836436,0.0894590568213467,0.0892612581612815
2.01908320075238,0.0885640102937826,0.0907790414858127
2.07171247705889,0.0841050613870091,0.0833065591932453
2.03835165447933,0.0891259753913061,0.0892103349912785
1.99366346030512,0.0920550570569546,0.0925707363143191
2.03369585882689,0.0885211910612229,0.0882281397844824
2.1021727534686,0.0844645710010012,0.0838645561294743
2.11404647852061,0.0877418788177841,0.0872127223101325
2.09492021479282,0.0863294575549656,0.0870286277731809
2.13001755561856,0.0831377139746194,0.0830131291112376
2.10248652180159,0.0811721790320393,0.0802431947618618
2.10146025311879,0.086842326062096,0.087123890233244
2.01037674643722,0.0854839844643479,0.08662706344225
2.20506056187737,0.0856182479188983,0.0861721246634043
2.18945779798488,0.0925494403458577,0.0921753901238432
2.08015550077966,0.0839300731899218,0.0846445182601449
2.09300820674632,0.0823010579168546,0.08216013802419
1.88433735917719,0.0863341389976075,0.0866590768509941
1.94338515559542,0.0847008171984569,0.0851988360136561
1.99832873345527,0.0911976067644425,0.0915450385747564
2.06901743146033,0.0824910727261036,0.0823812068315002
1.98450522466852,0.0863368694001011,0.0858273361365974
2.20338172502388,0.0835668220847617,0.0839987638468319
2.18239389614214,0.0927703290485704,0.0920619369274184
1.99217783157801,0.0862734910917198,0.0867843124125721
1.99438010178307,0.0836765868615617,0.0844159522463874
1.96585424606763,0.0845617053910327,0.084059103258067
1.98142627288188,0.0860276344513091,0.0867619770911491
1.98450055490116,0.0875685160245002,0.0872974527137191
2.15470010767803,0.0813315212375031,0.0817946501997459
1.98291970972422,0.0922562711969061,0.0927300077117972
2.08615450444139,0.0851541868335708,0.0853360219873115
1.96823770846307,0.0873396888565874,0.0878884891775851
1.94758938460716,0.0897968202012542,0.0899109158351055
1.89384503631531,0.0878617707162462,0.0885009214174846
1.9685026177758,0.0842632058529797,0.0847659593194505
1.97670610423778,0.0816808591480855,0.0808273353711158
1.95487744775724,0.0816571365729244,0.0807529645112832
2.11518336127104,0.0868628678133144,0.085581642417415
1.86708335318554,0.0876826103294876,0.0881752104755343
1.89237750577725,0.0851394780870494,0.0843506685425339
2.08387337727433,0.0912065056961018,0.0904012299629197
1.88441951224949,0.0862283080940238,0.0855734816864022
2.02255361942555,0.0896849650689875,0.0899424172691088
2.05217250620433,0.0831090295466898,0.0823103490352198
2.02957955203512,0.0900964712065352,0.0905530141379168
1.99521013766935,0.0861082966528006,0.0851519993996281
1.93217453522863,0.0790390384388245,0.078294505131799
1.96905369191089,0.100451158304617,0.101314647984697
1.83449298993302,0.083138246124816,0.0825311895637591
2.01426151207502,0.0893870318841998,0.0889401133170178
1.84096458785298,0.0837924544742289,0.0836682297387359
1.94774632148919,0.0827722216081204,0.0832701137166686
1.89396005013783,0.0864120246780731,0.0866808509135805
2.05794264289268,0.0904979540513594,0.0907532878263368
1.98693967180271,0.0849623896304863,0.0846500590165374
1.99933966744361,0.0820950641753994,0.0812049355236781
2.19305988298978,0.0854876043479613,0.0856006590566664
1.9202274295423,0.08870389753968,0.0893899196543882
2.15052782231522,0.0943039445436624,0.0943522848908733
1.93838909950828,0.0900689965186187,0.0898435682433865
2.0006836090002,0.0838399532403775,0.0835492909082839
2.10489371963111,0.0837357329286576,0.0843007569519265
1.95441496565086,0.086426637644158,0.0861639602837163
1.94988520195236,0.087531780505429,0.0879160621585809
2.04867329750407,0.0840228043760251,0.084014012906104
1.91516425043504,0.0887637828930992,0.0891773073280703
2.1312283801289,0.0895570641233234,0.0898598821616537
1.94325075465376,0.0848118412887326,0.0845297110196473
2.06134049862719,0.084102136052026,0.0851756368690011
1.98467577544451,0.0837299567914868,0.0823666614277581
1.97232377674865,0.0844141823443578,0.0848566778829882
2.10963760681174,0.0906799469492246,0.0910233628850687
2.09445892047866,0.081141267312227,0.0806206552338295
2.16713832866414,0.0858052032781825,0.0860034422630651
1.85057920456018,0.0899749761252827,0.0915631921939334
2.07227511257519,0.0885250373475477,0.087847091779667
1.9520511900744,0.0907039752532138,0.0905073572854586
1.98819231099639,0.0840834606784863,0.0836417169944597
2.0757932376664,0.0890201160502418,0.0896159634677914
2.10191430195258,0.0886218555165239,0.0898747253025745
1.85452898817639,0.0860513602248878,0.0846471942488004
1.94134574951343,0.0875206154368548,0.0870140414385555
1.92200127625101,0.0856444241110442,0.085792220700249
1.97065544152874,0.0903125721315489,0.09021040298357
1.94982422023849,0.0864218217130449,0.0858668295690523
1.98419423807582,0.0888148918895624,0.0884454040357865
2.07731862678614,0.084799930520827,0.0838517604146917
1.80528120138192,0.0905037303116994,0.090655315942283
1.88698986161017,0.0902827418336541,0.0911349375941667
2.04398551180815,0.0883501627863708,0.0886287402203497
1.93238109471315,0.0828116149622701,0.0830584349243619
1.94891930620991,0.0827820066206614,0.0818033634844525
1.9379090981876,0.0874848112010668,0.087389845497646
1.87895920899644,0.0859631558574477,0.0859175151198644
1.94204144725979,0.0820568813339986,0.0821404812504131
2.12865639131921,0.0864302133369648,0.0864594089517673
1.91859246987386,0.0823678003111784,0.0821061764246617
1.9734301046888,0.0933618133940535,0.0932866071669589
2.10288193604701,0.0845416757773361,0.0850215035668193
1.9108164116687,0.0849272038931994,0.0849990410315465
1.82146236614331,0.0884845011452171,0.0886341681060017
2.01254626063384,0.0849838093965536,0.0852872515722848
1.90755108654849,0.0824366667981122,0.0821741270403971
1.902698019834,0.0810226541279954,0.0806353948341038
1.93183759967458,0.084709234517489,0.0844219072003454
1.99222072150432,0.0910483206697007,0.0907739728693115
1.96453222177037,0.086666560550136,0.0875328200012511
2.08440608639454,0.0897154808457485,0.0902598655102224
2.14005140470836,0.0970054812509437,0.0962422591232161
2.12512777740332,0.0842316674718683,0.0832018175951647
2.01924072302741,0.0885836027290859,0.0882440883341542
2.07465628971492,0.0864578863741147,0.0865863209205717
2.04995127071578,0.0852901632654105,0.0849026194775589
2.04517911715981,0.0854452434697123,0.0855266889734548
2.00646119893258,0.0871549716758352,0.0869696377682212
2.0038271247681,0.0872704520639021,0.0877649893428685
2.10586875889517,0.087354880956096,0.0866323861712371
1.96369595601997,0.0852500097258983,0.0843818474056464
1.92494704949996,0.0874419853179181,0.0873915397629365
2.01842997277993,0.0890978553289243,0.0888968138444214
1.97900964704222,0.0812298543869793,0.0815031828011245
1.95152794146092,0.0879105669882477,0.0881989220021709
1.91927646822679,0.08580831481533,0.085763780703453
2.03863849100284,0.0871785776996609,0.0871215382908271
1.97009211913316,0.0842303545278685,0.0833738653912865
1.77360204750421,0.0839677422480747,0.0826284783807408
1.92137190266036,0.0875458092128352,0.0874239146076134
1.81281569677085,0.0896872293404981,0.0892698122325949
2.09391189840505,0.0870341929190787,0.0861069139710214
1.86881811563224,0.0821305589777456,0.083926385380753
2.00132333280509,0.0876792277205692,0.0881233069427071
1.96166702833573,0.0886617587089165,0.0889128371418066
2.03760759147453,0.0880668170281907,0.0879862096621499
2.03867985695025,0.0880096233434365,0.0882105689566026
2.08905134733837,0.0846823677135013,0.084193726438203
2.03528969535735,0.0858682426018788,0.0851681194825381
2.10811855575112,0.0856198806284128,0.0862153976818609
1.97437503952872,0.0825414246688316,0.0825817997304821
1.86147355549183,0.0892942312675442,0.0891486814686304
1.85905675470381,0.0859752935917648,0.0844090035164012
2.01451139084809,0.0889980742313884,0.0897451396299461
2.05139952601657,0.086233131894278,0.0860810427808392
2.08219377364727,0.0859476603817221,0.0864690058282096
2.05174588166773,0.0863365680435348,0.0863316703900958
2.0561845806371,0.0857778568955703,0.0863634495855098
1.95564162590203,0.0882990691673941,0.0882642994963926
2.14365162820084,0.0849106541053734,0.084900813285137
2.11943849564606,0.0906199315922278,0.0900789873288669
1.73841743846327,0.0918352732407776,0.0929486652640439
1.92197257529213,0.0860882446868669,0.085795147941318
1.99651146231269,0.0987791660773888,0.0986805162711041
2.10068613553353,0.0797733569685986,0.0791075211848315
1.86480443157557,0.0818117372505039,0.0821135941990634
1.94780238299227,0.08452140162503,0.0847807337773271
1.84870324839899,0.0786402084662001,0.0789402590526657
1.98440187714835,0.084227643939095,0.0839749333486736
2.04906233910125,0.0910134109868537,0.0926131065726599
1.86399440590513,0.0861559565351055,0.0858427968663462
1.8951810075292,0.0836090945771153,0.0833163401615577
1.77172070734462,0.0930631340162766,0.0931933011177587
2.04483881962732,0.0874689400065629,0.0880020491476691
2.00548167106251,0.089967073404387,0.0904727177705311
1.98115337584731,0.0834420727941454,0.0837473250029075
1.99205871980764,0.0916822455825816,0.0916451869015796
1.98904975580939,0.0858879435569161,0.0861467648895207
1.90011480180245,0.088727403217334,0.0883442486650095
2.07670507251973,0.084738430776832,0.0839373229639261
1.90130731675654,0.0895484158321923,0.0888583697876763
2.03027830322392,0.0819164102425957,0.0827281798932533
1.98643025201063,0.0847376972595686,0.0833706158207272
2.0295162439656,0.0794589120547072,0.0798001421334517
1.99154379115073,0.087606102713572,0.088352621134685
2.26064234166635,0.0908206118136955,0.0908553024098402
1.95135174836577,0.0844335835702014,0.0846339667337245
1.9389299269251,0.0830249276795971,0.0827763286960758
2.06076079907776,0.0828301190059284,0.0824172550802283
2.02178005691884,0.0883654784778272,0.0877229204661782
2.02335379739108,0.0869678252587538,0.0863396923834821
2.09675505740567,0.0947798281468906,0.0946817140756333
1.92992015946652,0.0852250267650985,0.086519319192757
2.11732723841525,0.0907091636896599,0.0908649643764976
1.90760119356373,0.0895606110417835,0.0903006377018586
2.09392277751042,0.0821497091731987,0.0813869614368433
2.12214241034278,0.0858167903968681,0.0858048063547052
2.05503576888451,0.0830840317071551,0.0825888600437214
1.94535452723343,0.0847970542750958,0.0853101639045926
1.90480416173552,0.0841695627244952,0.0845654741624623
2.021446445596,0.0895176068409305,0.0901397994529897
1.91635784261716,0.081664672550857,0.0805006477509033
1.95325277505781,0.0901613236490244,0.0910723487019506
1.97588997863217,0.0877519299179789,0.0872362607823417
1.7705112064881,0.0863619132577819,0.0866088456634732
2.16898190088155,0.0864788399165424,0.0869411798375087
2.05570978811183,0.0836404730117852,0.0831710706654939
1.98114889925175,0.0837444124653232,0.083519251828253
1.95211109227058,0.0954705893693939,0.0939731687031168
2.00843887744621,0.0864462902557562,0.0861513484939204
1.99833768673751,0.0820596355702158,0.0819935752064218
2.09750172443159,0.0853306218110189,0.0844174603861785
1.89066965166407,0.0800903507425595,0.0814980361037696
2.0959990630386,0.0879744591731492,0.086972736732388
2.05176075727857,0.0883828305378575,0.0875019725088162
2.0346843780354,0.0857495981750027,0.0849913916356446
2.07470201065515,0.0845909245005523,0.0833453303501642
2.09461042252577,0.0818841585232748,0.0824697683522348
2.0892591346928,0.0939740297477186,0.0927258420701358
2.15762123584382,0.0822702269093884,0.0830547139554989
1.99005894968256,0.0889346753514906,0.0892860557947392
1.99614925422281,0.0802698130496536,0.0805848308574889
2.0280778821501,0.0860993690580129,0.0862695144626774
1.8332321387224,0.0852182342901338,0.0858582067963587
2.16388019491216,0.0875294426830704,0.0871064271333397
1.86741342833083,0.0848813753582567,0.0853925981926708
2.12642653694119,0.08434378472854,0.0840980551103174
1.99212872477466,0.0865216892672751,0.0861448236391385
2.04626476342122,0.0856952244054794,0.0842430904726367
1.97887309424185,0.0864587015124482,0.085678900034671
1.88363742127834,0.0860207576780069,0.087480609811241
2.02804305196367,0.088118684331983,0.0877065267317002
1.94344673634326,0.0905031758716743,0.0893180868187148
1.97434354724574,0.0818104816812856,0.08153978586815
1.88679639862861,0.0858420398475224,0.0870135342516431
1.96035199278521,0.0928165117993717,0.0930073774052728
1.89031284313566,0.082775195820713,0.0823137162918262
2.07142693316941,0.0849118044866712,0.0844760120996905
2.0277163874679,0.0827252447163209,0.0837008449263018
2.13498514973994,0.0910529200495203,0.0904394274530465
2.07787387220776,0.0874910191366911,0.08754600175353
2.05985849337636,0.0856803399256188,0.0855893110570607
2.05763462983829,0.085001371325465,0.0848949978809908
1.82733745137826,0.0875111744904226,0.0874138929817572
1.80636883831725,0.0919184700490966,0.091275931659029
1.90677521595476,0.0927108037727148,0.0922174024008817
2.21939422905732,0.083272705208554,0.0832398515712735
1.91629592977512,0.0872583488476866,0.0867356081890373
1.87829401461878,0.0794154444290317,0.0794390871981422
1.98753209691612,0.0874104967154379,0.0870474730596194
2.07008157513112,0.0870423388121814,0.0869768190010016
1.93167180325557,0.0845604340224811,0.0847402203719889
2.12169700425006,0.0884598407416372,0.0877772207547762
2.10428973146658,0.0853569051958223,0.08544762367401
1.99727664098392,0.0894307265437367,0.0895346598675127
2.03681847465347,0.0827482196839066,0.0830862773980864
2.10392241100632,0.0828210343519767,0.0822470069327897
2.16072097625045,0.0853404288591247,0.0848310935659228
2.01917644181536,0.0822187726271669,0.0809509104288047
2.00484327198316,0.08709595402107,0.0873920527191261
1.89185372797055,0.0880045885199159,0.0889761592257145
2.07932215189626,0.0858106240605846,0.0851566722295458
2.0692411561728,0.0945270539173032,0.0942234674916468
1.98309318920548,0.0841841738996918,0.0845186631733342
2.04743591438519,0.0798084603711529,0.0813176826184503
1.87759264630342,0.0902945815094247,0.0905710468168572
1.99641271651089,0.0896972220669134,0.0895533186024385
1.80145357446385,0.0927442914893397,0.0919239214063385
2.15740054691294,0.0862790626739699,0.08681086394958
2.23285404934424,0.087995497334669,0.0879309398960443
1.93357727562353,0.0857421944892042,0.0855359137444512
1.99587767597898,0.0860952670421904,0.0858059770878703
1.94736147838485,0.0883344553638586,0.0880505283580597
1.97294369361171,0.0873421111424206,0.0882509203797532
1.88294630826692,0.0824966474596545,0.0829170920996943
2.11546514848831,0.0878265626255301,0.0875793506193558
2.05023175827687,0.0887203546211584,0.088322940844127
1.93425112437352,0.0841007008211962,0.0841488493083746
1.90360163684319,0.0836444156318265,0.0832514812786266
2.111018388772,0.0863539431840534,0.0855375893519348
2.14033162660483,0.0814122953370302,0.0814664852791749
1.90121131047459,0.0866122924897463,0.0867475951405935
2.15145233107119,0.0870668874292429,0.0873978432085357
2.02165660225298,0.0872069527871717,0.087213616086899
2.03025684155244,0.0902238584033167,0.0901948610102882
1.90533345839397,0.0915529922496566,0.0924266605632004
2.07622489738745,0.0885246268612505,0.0879829395074781
1.94200921675712,0.0952793950407412,0.0965429996902986
2.03062324448899,0.101866229609446,0.101029227018486
1.94618780609025,0.0879854216317835,0.0887005691722016
2.13859004208566,0.0861162367886518,0.0863480268624719
2.10247747397297,0.0844100141121847,0.084277054636538
1.94221344874017,0.0812902956382738,0.08219149590614
2.05011274128235,0.0850509601519242,0.08537825287368
2.09234506066543,0.0890833867356628,0.0891665319199463
1.98512782017232,0.0825668234392296,0.0824347255035442
1.87408313290863,0.0919681441136001,0.0915523108124942
1.96667008110857,0.0858726868680417,0.0857189068139402
1.91523465365564,0.0869874978543229,0.0871533585833017
1.91740858388251,0.0831166763784551,0.0831420407651664
