"Est.No","SE.No","SE.B.No"
2.01251878735151,0.0624237523929507,0.062433572085532
2.03475315017891,0.0591980743441283,0.0595927718003346
2.0768458528279,0.0598509785677732,0.0598222825931385
1.96787393122031,0.058288703254241,0.0585491773656007
1.96309876363721,0.0577787405807993,0.0579845622399172
1.91910018816977,0.0583755743245742,0.0585831833607615
1.98822129498881,0.0579689150584203,0.0580725141229948
2.00875693514434,0.0629683474904719,0.0632904582032879
1.97493638090505,0.0608312420423396,0.060908443136325
1.96018940004671,0.0570861465619796,0.0577496346105895
1.96063147102385,0.0589836198599096,0.0589291418186725
2.00721127829829,0.0573371024069215,0.0565979336517096
2.12482920174393,0.057857960354189,0.0572980233886354
2.03532039652608,0.0601091205462189,0.0606007966396365
1.98386020798389,0.0606747355413257,0.0610601516094039
2.02424683390133,0.0627960458468563,0.0628726159315514
2.13147004083918,0.0614976259286608,0.0609676193979683
2.02312561188989,0.0603445097172921,0.0597248275526701
1.96955964622047,0.0591391240228072,0.0587638925841949
2.13655024911324,0.0564728039382388,0.0560826911825935
2.0605835937867,0.0586323986704048,0.0591113784711972
1.99881399565715,0.0580352310833438,0.0578360984507013
2.0545197791419,0.0592786699114134,0.0597784247748858
1.94827845473573,0.0603125679821009,0.0601569091893112
1.92544301810926,0.0622423876188907,0.0623893803321309
1.93162021025295,0.0615926063606,0.0614962574680797
1.96451997366315,0.0570887403060224,0.0580553754215373
2.00688795060904,0.0599731435223826,0.0595035619045614
1.90800142679255,0.0579239274343747,0.0581465475001335
2.03519932478735,0.0609696735240461,0.0613544697094998
2.01004456858023,0.0586247106061048,0.0589478682456775
2.05797637905599,0.0594549674843427,0.0586872037057787
2.0148510088544,0.0573149342396583,0.0573482515699734
2.00247624930355,0.0612617387037439,0.0614583570315047
1.90311021716905,0.0607568656960747,0.0607607448260269
2.02940612073986,0.0611021666462551,0.0613012670536679
1.93873718081793,0.0657576869548271,0.0658630686002307
1.87153134035082,0.058819630133102,0.0593722600347692
1.99598738254414,0.0642021303107935,0.0649962589235092
2.0698215169115,0.0617315458833176,0.0617635590292763
1.98030137095625,0.0613735574990188,0.0607642808332603
2.01154832444944,0.0599596456155288,0.0594262381415206
2.08575274033098,0.0582377513970684,0.057836196534829
1.97584618817703,0.0580140290273596,0.0577577212088911
1.92032919426611,0.0607129612211111,0.0607430750181089
1.93306449909572,0.0606007962243357,0.0612533687991745
1.98215379355749,0.0601302776263799,0.0602064717830683
1.93517375196108,0.0622164269207742,0.0628211340090855
2.05620241813619,0.0613081553629896,0.0607655922766245
2.03844234202131,0.0592802433178682,0.0585989321144818
1.97860366348127,0.0599330811307683,0.0608948660355883
1.96249660026707,0.0587407086932489,0.0585395764071343
2.0165203519673,0.0612099204602119,0.0614693022241657
2.09258282478453,0.0615930015762539,0.0613657244816448
2.03572334984163,0.0607505416410103,0.0610437189245368
2.00939169778941,0.0583642073509387,0.0580770406841893
2.03131076509958,0.0616781617319047,0.0614845050179503
2.00275953458763,0.0589134363688903,0.0583842775049668
1.99226761601059,0.0580309941916653,0.0581082874117286
1.95746683749764,0.063398566926665,0.0629160289785648
2.02439653516651,0.059451040509849,0.0598806172953835
1.97070541182003,0.0606682451467605,0.060039120243036
1.97331968556371,0.0600482783834425,0.0599477809587079
2.0139397368271,0.0625861366817811,0.062351973998888
1.87456094359498,0.0596541367600542,0.0608285289565113
1.96929850535471,0.0592431447823707,0.059589848244109
2.00592118088585,0.0649864748126658,0.0652290693460285
2.06779992076501,0.0580776033319086,0.0585779734709445
1.89878520257407,0.0611605589827608,0.0605199000828093
2.05961000597554,0.0580013484959794,0.0581137246218994
1.95901102018082,0.0585755569746217,0.0585785029670672
2.05620465629387,0.0638719871906856,0.0632255419647584
1.98957951963284,0.0609612584270128,0.0613025940202422
1.98044248180339,0.0636444967005886,0.0634692120349619
2.01248086010128,0.0563308181760955,0.0568785639018264
2.08172516607636,0.0559412371720834,0.0560719461205036
1.97083293932343,0.0587008055465186,0.0584475476772579
1.98376237917084,0.0576317489057773,0.0586194901423949
2.02308092467147,0.0615881493752242,0.061618598590048
1.99481132163461,0.0580496475324637,0.0580768778094993
2.08417470275568,0.0603226636444474,0.0602424796964233
1.93520009602405,0.0584117959076465,0.0580108832041588
1.96770806604519,0.0579912856267629,0.0571956593149767
2.01791700002629,0.0628994280661388,0.0627836943650521
1.97790349514407,0.057481535817622,0.0578829887788636
2.04717610113782,0.0599307051457047,0.0598954852232723
1.97921059708954,0.0612214035440665,0.0616408789953675
2.03744947594014,0.0592522394272341,0.0593182658409556
2.00319964369847,0.0606796028492223,0.0615531337546775
1.99194643804076,0.0604085180598203,0.0591612745852188
1.96140266598149,0.0619772672277693,0.0618612981730702
1.95729475769806,0.0622430756350253,0.0622076242533875
1.97064820206653,0.0620700181053805,0.0621630844881482
2.11887853496075,0.061173341874964,0.061358885980928
2.06225861655649,0.0576427913534727,0.0583855446628058
2.02259601641415,0.0571947581785695,0.0571059428951746
2.0430813388919,0.059601079446751,0.0592951158258093
1.98174599855066,0.0631428006244724,0.0629567644729345
2.04394974496553,0.0597735108240373,0.0588726548821813
2.03479871133494,0.0651295077549366,0.0650654496058218
2.08252197879064,0.0559963814441338,0.0559661829674722
1.99544873923642,0.059367184826626,0.0593746161293209
2.0295831472925,0.0589138623001806,0.0591371057276597
2.05937241324724,0.0591610583060544,0.0591097047146773
1.99086789680809,0.0612433146552049,0.0616517590940792
1.9757056352848,0.0570093680209146,0.0571086143155932
2.0176013885167,0.0601903203260307,0.0598693788862459
1.92265064341913,0.0597578828961028,0.0595429749923451
2.06997900929769,0.0592379730382391,0.0598849264431383
2.0515405599868,0.0566314832176352,0.055785549567641
2.00446537679803,0.0611496793568562,0.061278623772014
1.963383329859,0.0601332878775108,0.060219283218343
1.98600137575935,0.0615082214269961,0.061881253849226
1.9978353465712,0.0627473589717994,0.0624542377626994
2.10537623384402,0.059986824511693,0.0601021203253973
2.02424718258285,0.0593484037378088,0.0597212054938618
2.08193734869936,0.0613673602539268,0.0611768259197389
2.04153319159705,0.0618458820347756,0.0611836059370876
1.98147055619075,0.0613613846992345,0.0609643826980148
2.11208646837299,0.0644893251242468,0.0645766330061378
1.98050163606416,0.0592448836272097,0.0592430498043122
2.00852545367967,0.0584290382540388,0.0586899095823764
2.03433922912594,0.0584213506844982,0.0583116432875792
1.93786804635218,0.0590200681212459,0.0595334289918835
1.98080851463902,0.058797057748687,0.0586043834223107
1.98642376652873,0.0583595451590619,0.0591579833161812
1.93853325946577,0.0605934500978468,0.0605332660049684
1.89581469999634,0.0606679652665446,0.0605434947699251
1.96985079252421,0.0628075752538587,0.0627552691030745
1.96480411988575,0.0600506329705044,0.0605251068722534
2.06582376329536,0.0808428996078721,0.0811304221860151
1.96037850041793,0.0596115378673079,0.0586134669111821
2.06577839079049,0.0623181392913311,0.0622639277114397
1.98975128934397,0.0600806968763522,0.0597732925183922
1.98168883389882,0.0609804224804943,0.061264561645364
2.02715450813477,0.0629733988546761,0.0624719568583593
2.09281648098128,0.0704051944736318,0.0701717356077239
1.98154059479343,0.0598149034904277,0.0602025327689612
2.10757080967673,0.0613018221848961,0.0600315014569791
1.97461692375263,0.060868436973213,0.0609268478289909
2.03695749605594,0.0609938664638905,0.0607976387048045
2.047305267906,0.0623991522174326,0.0621624693506502
2.09723605416171,0.0628456134110198,0.062648297400771
1.93223592856188,0.0609312776803715,0.0602539775424659
2.07197997139979,0.0580265776046369,0.0580635638706938
1.88753046613294,0.0597506243876064,0.0597220123429027
1.98667725980326,0.0614636009216125,0.0616359783283449
2.0727107410122,0.0579166287126739,0.058414043648068
2.01623556408474,0.0621887676646542,0.0620683353198101
1.92789431433761,0.0588512878651976,0.0587408715712237
2.01442205764934,0.0579770829067377,0.0577707720596795
2.01808933545224,0.057674672579673,0.0574860461019269
2.09542786026531,0.0620869486287246,0.062169295810973
1.95342338442524,0.0579869377389877,0.0569280381790434
1.99273873374952,0.0580480824723215,0.0579016641366661
1.92029415580878,0.0610839262344476,0.0604197617278255
1.96739289353377,0.059936856604007,0.060446408688143
2.0251081580931,0.063106219290714,0.0631709007112946
1.96902707435202,0.0599999127251916,0.060781858541121
1.94122393509889,0.0633931696185208,0.0624732796768462
2.02878073882219,0.0600200176224323,0.0593611596265741
1.8830742506034,0.0595011791721563,0.0597307691796692
2.11221016333707,0.0618930958461958,0.0622804080655638
1.94502920272243,0.0618317964332693,0.0617754109781053
1.95176013169551,0.0608673629454249,0.0604974842172887
2.04302153775683,0.0619219260826607,0.0618697818810953
1.89207920773465,0.0617576616265182,0.0622068301917681
1.96487137423568,0.0619418773446773,0.0617725471346021
2.02367744196934,0.061049668811148,0.0610867887104507
2.05489629870872,0.064516879983959,0.0637227740051171
1.90854668041853,0.0604898228659318,0.0604992826768903
1.97249716967602,0.0592137157004927,0.059258880513194
2.07632344956006,0.0621850261838534,0.0618037375009952
2.0570168674064,0.0625234846813568,0.0615212569435251
2.03925880812729,0.0618198648520308,0.062124107104365
1.94409362008117,0.0602280875393404,0.0608381141319236
1.91843347847249,0.0577996662355822,0.0578865520595588
1.89875552336682,0.0607881249909211,0.0609154388259768
1.999142689255,0.0548036014523888,0.0545175703972489
2.08846899831124,0.0594934122995379,0.058637488816947
1.9220249057432,0.0590845707601874,0.0585303725870682
2.00244114942724,0.0566894318018591,0.0569513681764431
1.96813878188808,0.0586154547949037,0.0587609469360048
2.03365482850341,0.0603992394290275,0.0598854839990771
1.99428278911473,0.0612359242896304,0.061560610860185
2.01733706421029,0.0566181419041824,0.0566117661983531
1.96845056341548,0.0579717282362735,0.0581032577599265
1.93279477915022,0.0600469302131362,0.0603452815236107
1.88868156737888,0.0622669739351948,0.0623626774528
1.9465959670474,0.0633092429361794,0.0624174513000322
1.99981477024702,0.0630858874489609,0.063018360507036
1.93133279931189,0.0566140317585051,0.0568461432281862
1.93117001028312,0.0612593342912314,0.0618914485810002
2.07928278467199,0.0601530373070068,0.0604687392967507
2.01783259193555,0.0623500040516334,0.0619271936000516
1.89436757773191,0.0606649496497678,0.0606566825424705
1.96557307793352,0.0591421454853024,0.059024921924502
2.01402716270584,0.059099954437792,0.0593539063863682
1.94931843636086,0.0581888789066719,0.0588219519700466
1.98039051086539,0.0590540325046502,0.0581317300949664
2.03572703522623,0.0590315508485318,0.0590187212909323
1.98633330082146,0.059314073259013,0.0593712647962127
1.94314466561334,0.0600969052244419,0.0606721614547711
1.84418946371954,0.0578387727915482,0.0580582279481071
2.01021927699273,0.0604777943814628,0.0606060233833897
2.02600531405611,0.061412639845014,0.0614758472288482
2.08042213007009,0.0643720833591189,0.0646966562294096
2.07357259224598,0.0591119298570211,0.0587779189136869
1.89788659178886,0.0626720243581164,0.0628849293690569
1.94206133560768,0.0592867446806422,0.0592752308894753
2.01253120548064,0.0569727971491115,0.0571686257337166
1.90069930355629,0.0615134484285175,0.0614508469802876
2.03429718070609,0.0549282156600029,0.0542483786043045
1.89939746831818,0.0608990810032037,0.060951812403735
1.99900363613421,0.0604794138124841,0.0602895260322259
2.15132678473627,0.0649739087982385,0.0654216135399437
2.01846058676457,0.0593673261853247,0.0585371164206887
1.93292616904171,0.0589587449056212,0.0586253609854369
1.99966669895097,0.0594857966445685,0.0588769411360376
1.93928753037672,0.0610730361283467,0.0606664493930259
1.87400105082273,0.0625596486237356,0.0618026988865728
1.94995553984037,0.0592743329296517,0.0583419988671692
1.96347327691578,0.0635135846847222,0.0639616870153337
1.98024713953122,0.0599555874901378,0.0600125026938563
2.00779815798568,0.0587032284627609,0.0586150735542196
2.08613345640021,0.0689980148217692,0.068382186488164
2.03645193549181,0.056499499869222,0.0557191628266216
1.93915132743791,0.0577038313049816,0.0580565012827694
2.0614206687646,0.0605358952976912,0.0606753257119369
2.02734504873519,0.059611530742081,0.0599864348414244
1.99780282269973,0.0629008749091742,0.0627705914709696
1.98898256866522,0.061209879292322,0.0608303727094461
1.95995133390951,0.0578167291453215,0.0582540930239083
1.99681719631236,0.0602075798143296,0.0600322896748496
2.07714459306111,0.0618530230722892,0.0619921814248384
2.00933239108954,0.0632497527348541,0.0633475265265526
1.9242044867552,0.0560184945471993,0.056232091324832
2.00280424813904,0.0586263872909109,0.0586228917811003
1.91262715284868,0.0587954748760415,0.0586066330085317
1.97576580969226,0.0594760830703003,0.0594568629702786
2.0611081667201,0.0607369956618948,0.0599741301544662
2.04654874895415,0.0607656166309577,0.0610578188279025
2.00430762544473,0.058929626431676,0.0598246341924993
1.87486657621955,0.0590262953801983,0.0598978182766606
2.01425102353428,0.0577948798259795,0.0579231806501983
2.00816153502772,0.0596126254982922,0.0598344006864858
2.0280404582783,0.0628478800529949,0.0625332459670173
1.94123849464051,0.0617127367304785,0.0610937682650833
2.00813073579577,0.0646603873832054,0.0651897307245984
2.07556027512667,0.0598775341347358,0.0596424296749832
1.99843217102608,0.0602360465598398,0.0606440623934471
1.93588480577135,0.058741232676422,0.0585700039697276
1.98971912708523,0.0627022591336484,0.0627305944461417
2.04093246504564,0.0612533976631823,0.0613630004806585
2.06940797361789,0.0579707347962534,0.057707778648561
1.93635494819187,0.0613818704075324,0.0618326773775012
2.08674445604255,0.0593886062955812,0.0589050047282064
1.96148529827063,0.0561068075834839,0.0560023020106986
2.02587152339284,0.0593260713637688,0.0588006831216041
2.04354142194048,0.0577192539425362,0.0575275363621073
1.96249818997718,0.0591841809944382,0.058907897479852
1.86007441683241,0.0628253474996842,0.0624144908886927
1.99541406391801,0.0594919573261487,0.0599683489664717
1.89954460268579,0.059406794963102,0.0591598734172003
1.95422131255898,0.0581592661969809,0.0577339683846073
2.03826346648839,0.058928497114451,0.0586184435015049
2.03220399845713,0.0617367291499119,0.0620828918344862
1.93358276722052,0.0588503523801922,0.0581065748291747
1.98309509357484,0.0578001313267074,0.057614151861491
1.98845852514521,0.0596028687810948,0.0602941447431083
1.94464238609289,0.056235352690675,0.0554903123351566
1.98694392673744,0.0636809365313167,0.0628615421367108
2.05372413693811,0.0585254883640294,0.0583062956367486
2.03384337450305,0.0599740236491231,0.0602045336887948
1.86295781900078,0.0578260096233746,0.0567095256396212
1.98474951656717,0.0593268964483486,0.0588352715139721
2.01249401225874,0.0587377716589153,0.0591574121068012
2.03289619997543,0.058888829156681,0.0593058219697196
1.95631108082666,0.0643830026094088,0.064465255098163
2.07197126010434,0.0601431206600326,0.0601647314964949
2.04591417555607,0.0579609914153146,0.0573057606242801
2.00219225808974,0.056901326836039,0.056850073713287
2.06167474722477,0.0608535210626842,0.0615313957595883
1.92352361709365,0.0664720755237817,0.0665696261470937
2.04971130737722,0.0576659566660127,0.0582216303731921
1.96717907381819,0.0613714649803976,0.0610237309648224
1.9649740789381,0.0575893047961302,0.0574815484414331
2.00465464693472,0.0598095789896366,0.0597285037048126
2.14355898613653,0.0603639778942162,0.0604226807775295
1.96581608526708,0.0598575605432838,0.0598651852580224
2.05668791634454,0.0590871215536621,0.0592103686347999
2.04379977001478,0.0606684302103836,0.0611148818726414
2.03742269280079,0.0595662878426283,0.0592785946829167
1.90973495367136,0.062563249903077,0.0630885827571322
1.96231096295107,0.058367408048791,0.058263848239353
1.93918918464171,0.0610234600212232,0.0609962548035098
1.97323043765996,0.0582648699922577,0.0576706199685684
2.07669427018104,0.0598287567670244,0.0598790704249302
2.033584612111,0.0617114323899335,0.0616526785258045
1.94234088054426,0.0605201993319249,0.0603226868412366
1.96789038779557,0.0636454545029555,0.0637207314462791
1.95644573278342,0.0607271490725809,0.061178036152303
1.95651506093228,0.0618758663912864,0.0619837550152504
2.0799906979506,0.0601502278702035,0.0603967044427239
2.09596744107239,0.0629773354725646,0.063096847721155
1.81518890308773,0.0576043340783661,0.0575360435668923
2.06334735384949,0.0603132459252446,0.0608468847440873
2.02238021550736,0.0608208652285884,0.0611160975846932
1.92260189908511,0.0592655370857925,0.0588285241932926
2.02607923117309,0.0598216836447728,0.059539568055783
2.02072920683507,0.0601070784274758,0.0594449704862022
2.00067000083006,0.059914971376451,0.0598629871365042
1.98790233540915,0.0601769708874429,0.0595794814139343
2.01564997006423,0.0595125396715158,0.0596468730300823
1.98354399898146,0.0606648579060083,0.0605662809551649
2.01117281828588,0.0603856607940443,0.0602792055597035
1.88578675686025,0.0613186040487008,0.0614390495725486
2.08124456807287,0.0600318424835563,0.0605773666323872
1.98861779225092,0.0604090654728736,0.0607354101383465
2.16415145408425,0.0608849844930814,0.0609536620374843
2.02999717770023,0.057764721735352,0.0572372429487237
2.01903836333418,0.0592449361263382,0.0587406460101015
2.0189671516874,0.0632475061172113,0.0634297402261285
1.97555694623176,0.0578593574578475,0.0570773777659115
2.06211111426659,0.0614887816822295,0.0603922742558572
1.98680451059771,0.0574181616674468,0.0566177822335563
2.05648096139015,0.0610279514003814,0.0603791046422665
2.08579603944954,0.0604075098074922,0.0601066617455591
2.02256628965785,0.0607911303812451,0.060062160839356
2.14955469397837,0.0611815543549358,0.0620537802625385
1.96149924897573,0.0637106599984017,0.0643229496994998
1.94667141483014,0.0608853271024247,0.0601521304096164
1.99543497335114,0.0568062950277581,0.0569302102008524
2.06240966322606,0.0583152431146202,0.0581079868808814
1.89087438501777,0.0580619294137352,0.0579925192115387
2.03168059114176,0.0599774347457577,0.0599091839216041
2.03838006067179,0.0610003889537685,0.0610898912483971
1.94921359193458,0.0613221546180491,0.062121620007123
1.96283260431039,0.0624692675432977,0.0624970815833883
1.96901841902258,0.0624473649511492,0.0620415253488594
2.07338293402788,0.058566623850667,0.0580580734658622
1.99225123574089,0.0631766199954349,0.0633280859632466
1.90942565775548,0.0605140499182244,0.0604907193754814
1.96019134590076,0.0576152590231031,0.0579907141654592
1.93855815839234,0.0594764450951586,0.0601049015016605
1.97079851209819,0.0599618459827336,0.0599965847339327
2.05515867992289,0.0595841488682332,0.0598805035697282
2.07394470771774,0.057862859966643,0.0580414614133244
1.94787083591693,0.0582926944599504,0.0579973371064322
2.00161477073837,0.0610104200979869,0.061527284277627
1.96405781173647,0.0568962363114547,0.0574135857221327
2.03417441661503,0.0601904518313413,0.0608790533440726
2.03136152010969,0.0596402647059466,0.0591074112939573
1.93800714736402,0.0610134490564031,0.0606280729768815
2.04529235504642,0.0600043251179414,0.0600034633123247
1.94684871196545,0.0577103588026515,0.0579684847178189
2.05229816242347,0.0598064624591337,0.0602852717526522
2.06100868795041,0.0595883816311578,0.0598645825933208
1.98581440449066,0.0586582475507922,0.0590743358094709
2.01899396753317,0.0638645491998921,0.0639184436484605
1.93154673955917,0.0580726395010037,0.05877269742557
2.03787766700772,0.0587889909009562,0.0584439328948423
2.08482599954245,0.0554806791206486,0.0561891874380725
1.97225093762423,0.0587313241775625,0.0594950296946625
2.05572382186004,0.0591061483895955,0.0601316918834039
1.97266940546691,0.0615731999188103,0.061590097084711
2.08001616495288,0.0555781424107765,0.05545669093074
2.01447605784619,0.0596632994501973,0.0600553563944553
1.91556419819008,0.0589810415228867,0.0584291514507941
2.02064503865403,0.0610638324700256,0.0603032820480669
1.95872718803883,0.0580152981340943,0.0582881520481819
2.02503665873985,0.0595502194314989,0.0599431189828998
1.96535513997697,0.0561694401349568,0.0556624452918673
2.01078936985895,0.060020330642808,0.0597625030703561
1.92379075754572,0.0602719619314619,0.0609429052335886
1.92045642704967,0.0571065789112314,0.0570283634257761
1.97885263557459,0.0628962039735756,0.0629324564712217
1.97263068290454,0.0598281114530264,0.0598153456930586
2.074036789182,0.0607443343896198,0.0605795480280144
2.03649090320075,0.0586867324900839,0.0587324219455748
1.9387267962535,0.0600014040784941,0.0600940298547954
2.00384358370005,0.0600588918275036,0.0597212116590814
1.90985315919237,0.0578320292090622,0.0579100234236481
1.95017360572215,0.0624006301630041,0.0623074514764103
2.08934866189346,0.0590011393419126,0.0593877390457516
2.11991981954894,0.0580640050192864,0.0582200410297616
1.97374268527952,0.0591569274791939,0.0584479932486413
1.98772420350413,0.0649077418401356,0.0651177679367591
1.97507804376582,0.0599534374660362,0.0603374119373343
1.9027190727986,0.0573946743509365,0.0573421185150836
2.04638762901586,0.0582876893693335,0.0580196046607072
2.05667123220993,0.0635704893233693,0.0635666820228232
2.04533531466791,0.0583318640004876,0.0587265675734251
1.9719591220628,0.058653611319865,0.058153890982976
2.09248743869175,0.0591272788605241,0.0584715455991506
1.98090463721674,0.0588492981873443,0.0591941188558961
1.920341282142,0.0597931206549204,0.0591994976083038
2.06391242614242,0.0617855549932807,0.061876780506541
2.07380077985692,0.0584623684703377,0.0586212909816572
2.03627419363435,0.0589917114124884,0.0591549153821693
1.93366618972449,0.0613687886706265,0.060420597002315
2.06281756193882,0.0593105399757587,0.0585842426982484
2.00007036230826,0.0588185887018119,0.0577638012983447
1.98819960667552,0.0569207767558943,0.057474898248779
2.12658463195985,0.0612145087413054,0.06060441465954
1.99290966494406,0.0588605956695299,0.0595338339805874
2.06040091817779,0.0528012536712174,0.0526747107495472
2.06339351043099,0.0608259156821041,0.0608634291784786
2.01788684912242,0.0573341175473844,0.057526403669455
1.98636892232677,0.0568607285234508,0.0571921263355582
2.02966470320992,0.0601026069477838,0.0602252788637769
1.98674160549476,0.0641919068450026,0.0648100731685969
2.01525036261386,0.0591244773100943,0.0594967293671376
2.02366323110511,0.0651689281059969,0.0650902208931986
1.98456046268756,0.057477803097658,0.0575354124106551
2.12724244364217,0.0613709673822137,0.0611557320690032
2.00845167512046,0.061478152873221,0.0616730009258497
1.98283903550743,0.0630223105142532,0.063514458675524
1.92035350500081,0.0574468238120672,0.0575920909656056
2.02027762513767,0.0598376017850542,0.0610615509348302
2.10555026380003,0.0625449671140612,0.0622275959332948
2.03549041253632,0.0617008432112747,0.0608860324622136
1.98007040835872,0.0591853698377356,0.0583997404685839
2.02406040245376,0.0576827659058102,0.0578046619167422
1.99436925767948,0.060951928412317,0.0608555537556359
2.08684610071059,0.0578111978966717,0.0572851558125235
1.99638387932358,0.0594661097106414,0.0588739535097556
2.1232013719923,0.059341164280644,0.0595892986944678
2.11557378246894,0.0622071963778929,0.0618174968156749
1.96951079024413,0.0581797674997721,0.0580718610003539
2.01537052647608,0.0591313228057203,0.058282783756182
2.00077031181806,0.0589804877028906,0.0583076868756715
1.94221561014415,0.0592247784211549,0.0583042789431706
2.03956662427156,0.0609857034908455,0.0607055906387862
2.01144844630829,0.0571017906953436,0.0565288138628098
1.91298857638105,0.0619387222946237,0.0617141785477364
2.08009002433564,0.0575128974246949,0.0579469974352272
2.05165042803009,0.0584122824631225,0.0580572874873716
1.96988730886392,0.0616362533659175,0.0618800263981924
1.94434686198622,0.0594910823144948,0.0593444440031601
2.06675755153518,0.0609391699784635,0.0618607446540445
2.03560727292199,0.0590496633364863,0.0589895373738049
1.90316389893576,0.060869962006927,0.0604668887279328
1.96020340429319,0.0604844941524605,0.0606512657332127
2.07106477866497,0.0602892121567575,0.0608964815525907
2.06352723555406,0.0562034267407255,0.0560240242479596
2.01032033951346,0.0618603714830218,0.0626572973600892
2.04412480375194,0.0589720316599929,0.0589867595940097
2.02393390732507,0.0584773334351878,0.0593306133101578
1.92321113375596,0.0580136376368987,0.0574759792115902
1.90970544345704,0.0634443234524765,0.0625763899551229
2.05270566600368,0.0627958113536925,0.0628510820503903
1.8896250226427,0.0602971537258484,0.060014602596927
2.02477621862318,0.0620735964250421,0.0625828573246156
1.97167741764548,0.0639788689004585,0.063561389311768
2.01115046176364,0.0600544830591869,0.059513326267959
1.95260530117295,0.0588398235368513,0.0587274888760341
2.02227841700593,0.0606740514877519,0.0609930627505536
2.0508298692511,0.0596371449201947,0.0592994111985351
1.95906533312541,0.0575057833849696,0.0573177364888888
2.05898647241303,0.0577547477325518,0.0575304805338346
1.97883476941944,0.0590060638523256,0.0585876718729503
2.00152510742205,0.0631480991972462,0.0625779221159904
1.94604641656802,0.0611118662395171,0.0605848523042111
1.99799876916163,0.0597564660176481,0.06055602636307
1.91837676329529,0.0623923925631903,0.0612318450169946
2.11070362562943,0.0599390994576211,0.0602165912135234
2.05024767357503,0.0612393909376039,0.0614599773833391
2.00866163231449,0.058942751208642,0.0588008456883358
2.07663027631799,0.0620539265485747,0.0613987799307543
1.98015242658119,0.0581094010495573,0.0587117937265445
1.96216051638659,0.058922205269538,0.0588024878957673
1.96368769710193,0.058439816777921,0.05912636882308
1.93409516521518,0.0613102747543776,0.0617437142349438
2.00647596204889,0.0592065011951055,0.0600793193739174
2.0241599708431,0.0594886383441313,0.0589171891767791
1.99610891402543,0.0609664270203982,0.0614018451212882
1.98373731704997,0.0591247031452239,0.0594391849091624
2.05965379954959,0.0647290557204161,0.0642974226841679
2.06030854786097,0.0598557133482044,0.0605545401156081
2.01389553288705,0.0563015769474188,0.056578865638176
2.01843980260707,0.0596781497545906,0.0599731318060658
1.95022918732212,0.0580948568114104,0.0581456099625045
1.94385339640019,0.0634907759193924,0.0638001266652325
2.03663665886142,0.0591423125005937,0.0589098066778384
2.00793768035622,0.0619356730370363,0.0614338464794086
1.95628373362655,0.058226762315675,0.0593192975521541
1.97403804070575,0.0583607427595234,0.0583776889278331
1.96832466673741,0.0596339087297799,0.0591612267643783
2.04640261392979,0.0620895362800938,0.0616494421432174
2.05794542517275,0.0595866650714568,0.0588918565216656
1.9025462278765,0.059671094154773,0.0594555503110155
1.91973151817979,0.0583662603718977,0.0580678633057344
2.04681487313828,0.0591908459353884,0.0596221968111535
1.9441325626089,0.0594720179026968,0.0582553147864992
2.05358894372844,0.0604227204220823,0.0606136836529286
2.07455951906215,0.0591224564337367,0.0585091418158907
1.95540118014782,0.0583617289846378,0.0588611008463488
1.94672980017826,0.0575124281225401,0.0578528065806109
1.99072791856098,0.0570074779813409,0.0568641432668745
1.97462495287758,0.0586255234442769,0.0587082650289525
1.95472934591809,0.060684194151299,0.0603385442726181
1.80103763578046,0.0606454598961528,0.0605693673642489
2.10580731181962,0.0573486350059494,0.0574716376367892
1.98106913474117,0.0596341548485196,0.0601169728906725
2.06702420723994,0.0583401841159467,0.0582104849155797
1.96564030350524,0.058814747280415,0.0589932193933408
1.94345097792321,0.0608376079286683,0.0607659922427048
1.97518746428435,0.0599109268468838,0.0599309469387608
1.92719403003003,0.0580847540939707,0.0574029173752558
1.93149524165016,0.0599569250248025,0.0605391103266106
1.91063470600931,0.061904276087313,0.0616095315240861
2.08992423861601,0.056903772911631,0.0569207530385341
2.00663323278451,0.0569889497213616,0.0567583210357376
2.04977137426217,0.0588785729318398,0.0586860160562286
1.96971600125158,0.0604328937712217,0.0610964649660825
1.93372816781171,0.059334761370294,0.0592004377614037
1.95845375680442,0.0579256578477892,0.0580296673857503
1.94571049449537,0.0603291782597748,0.0609645636661744
1.92171605024193,0.0599075754177801,0.0599909713305388
2.06548201498913,0.0621429571167258,0.0622652933837158
2.08269284634531,0.0583224675337484,0.0583855572307931
2.04915235605505,0.0570685536589382,0.0569370115923211
1.97241467297605,0.0601181343878967,0.0602254789653234
2.00360726903983,0.0588257042303718,0.0585330416790835
2.00705387389089,0.0610903891836241,0.0608527093399198
2.06511627668301,0.0611619867025162,0.0612117813736968
2.02595300595194,0.0564426714264745,0.0565446528340278
2.07495301804868,0.0626115108655969,0.0626302527787145
1.95523735382729,0.0599785453301257,0.0600360464265648
2.07968248525977,0.0603951622623785,0.0604058372777663
2.0048291019765,0.0600709312818108,0.060270326129526
1.89125563048041,0.0609025633167879,0.0606212710227381
2.11292340520503,0.0602747467404222,0.0601508912638775
2.00889883707449,0.0584877111899588,0.0581728899267916
1.9165039666767,0.0595381846140704,0.0595612847373236
1.92064926982711,0.0592384341908414,0.0591239235174032
2.03412014612248,0.062982014945477,0.0639913819100154
1.91106719193268,0.0591916798591519,0.059267124127118
2.07245819699555,0.0618138971541216,0.0621765900437213
1.91556713386898,0.058893131887629,0.0584288506497141
2.01182121022052,0.0595771224107329,0.059938764919557
1.98909733382955,0.0622201607999557,0.0616487321229211
1.85165621347868,0.0600093466826241,0.0595963976915651
1.91532743523036,0.0640623428017595,0.0649582931218068
2.0031338975859,0.0590530939231876,0.0599004459292565
2.10515117946103,0.0583648661818518,0.0586245581540803
1.99497457929177,0.0619981438718473,0.0621680843953052
1.96476849260632,0.0573834423036272,0.0564417640285435
1.95101950413714,0.0628250043125949,0.062857555948645
2.03192997959646,0.0585985316677258,0.0589107614280991
2.07103333051802,0.0644064600914871,0.0646407412032465
1.97931034209107,0.0619689640264853,0.0616914095420791
2.10904105194711,0.0598670157352694,0.0601921549949816
2.04221553960064,0.0584698869104176,0.0582362140339365
2.02320068871968,0.0579263530390318,0.0576288255403189
1.91296565592807,0.0616703880764706,0.0615409912820326
2.08414973696657,0.0590881252595167,0.0587919715286348
1.94078100881905,0.0593913452055959,0.0591386447556687
1.8618132950639,0.0626239318103018,0.0622390853254416
1.95335043951526,0.0578513437571132,0.0577621001711378
2.07311315660251,0.0656832991646538,0.0646546099919888
2.04061635614901,0.0584316458433118,0.0589447340178587
1.9988019753052,0.064287625394947,0.0651739699010496
1.99988136125109,0.058515923610657,0.0582234972450479
1.86472715557524,0.0615036088876326,0.0619620659222279
1.95923911279224,0.0622803230048934,0.0622007043574397
1.96174418461639,0.0622778718023864,0.0625932319119857
1.97957467405502,0.058265645590517,0.058543007205846
2.02285291093374,0.059536017613432,0.0595859249652979
1.98039308854443,0.0589894206533873,0.0590368150510713
1.93531035614897,0.0565575663159045,0.0561760352177519
1.98171027122624,0.0600130040732888,0.0599799504569867
1.97971438876815,0.0588923422347584,0.0594010504364405
1.91244957293416,0.0607052512234275,0.0603685032949017
2.08746019434117,0.0583190585631346,0.0575087670109646
1.99940126194487,0.0625756920663411,0.0627452911449179
2.06697454443561,0.0584587921466326,0.0584692155633939
2.1166244047273,0.0597695320533362,0.0597371034550637
2.01324523032804,0.0573703128234344,0.0569861424218419
2.08827156041305,0.0633695713014325,0.0634859026185286
2.00183976613283,0.0616108420883305,0.061921325960155
2.01651392892614,0.0606720529368109,0.0605298467963786
1.9726380675309,0.0609284696527064,0.0603933295580333
2.00704969726989,0.0564702929188674,0.0565280091812585
2.04222678727936,0.0643472874482112,0.0642219779771487
1.94061424266114,0.0609863786497194,0.0610541407551991
1.9873877329344,0.0570230822493791,0.0562379724078163
2.00660840455352,0.0592716843729621,0.0606485713444225
1.96311726052921,0.0562796690958298,0.0568398317314864
2.08245032854124,0.0610906942145393,0.0607020997101322
1.93418791724057,0.0601734596022301,0.0601113952520597
2.01645046553003,0.0596458000728902,0.0593185802900934
1.90606156543202,0.0593750007334279,0.0591195654718167
1.90220025810891,0.0643346229885944,0.0641700059006538
2.07532050209499,0.0586559216144158,0.0592414945869425
1.88679210737942,0.0605716363150077,0.0600088124327296
2.05346731363056,0.0608706299675859,0.0610657439269027
2.02797694805757,0.0608391330343666,0.0605035791467144
2.04690354652533,0.0607581950855042,0.0608773847771181
2.02112391511925,0.0575260321513605,0.0572387478929057
2.00148299241497,0.0577457178817057,0.0577653494560897
2.06179459733626,0.0621001362309247,0.0622616865107574
1.98783690080206,0.0583005926291249,0.0588405647924905
1.93808412974318,0.0613324423689061,0.0613810788012697
2.04286573649793,0.0623092667015184,0.0623818684383608
2.01393316780489,0.0615164235955477,0.0612945537273274
2.07854545420132,0.0616033301559913,0.0610928342167868
2.03351577714753,0.0575218628833651,0.0571938020815905
1.9872461275974,0.0592964085748338,0.0595617760312888
2.17810599503698,0.0586091017880977,0.0594908350325832
1.8939613270795,0.060779686392123,0.0603804509554973
1.93997299386435,0.0592809197140235,0.0597705305141801
1.95484795694191,0.0604208374253971,0.0600980858403176
2.06595108146041,0.0604135498118174,0.0596878581422948
2.04340697882484,0.0586212418269678,0.0584399434612571
2.01690980427589,0.0583459318873109,0.0585598885532228
2.05726204008113,0.0604352386198754,0.0604783728678533
1.99909280353052,0.0623245495457964,0.0631390201720416
1.97065750008481,0.0637840077353191,0.0638760675346235
2.02058620475467,0.0684304942460241,0.0672667003177337
1.94738109350314,0.0584799047184581,0.0587349068482179
1.90277972408933,0.058722584798851,0.0582076303979712
2.00504972835794,0.0594825491070021,0.0592216966934072
2.11193291298976,0.0592288058982667,0.0601869242614226
1.99065813136491,0.0588406479512295,0.0582265335124918
2.02059944832629,0.0597629637288157,0.0600387542064993
2.00080886299071,0.0620519984530753,0.0621381077428867
1.95154444077043,0.059621380636847,0.0589394838758575
2.02743805573853,0.058619574982998,0.0591410653781649
1.99693977052742,0.0565384853543748,0.0568522233906574
2.03066454830619,0.0582442432648236,0.0584202589065765
1.95427462999636,0.0599570771663625,0.0604236125011121
2.03678572734471,0.0605737274456667,0.0609856956576387
2.03937392596357,0.065333067403594,0.0648444666894467
1.92071374971418,0.0598777777998171,0.0594630947278389
1.936903976609,0.0609658759401641,0.0601598154077129
1.9816175238495,0.0588314571447977,0.0589367485164885
2.1097312887427,0.0629487186620293,0.0630038045939099
1.88731809586913,0.0594603814168993,0.0595457496943302
2.05177678239819,0.0570639090491483,0.057618074920739
2.04581983799765,0.0581289785553735,0.0584200867457315
1.98161791739116,0.0605443639969472,0.0609408380730567
2.02172283590836,0.0582316806396599,0.0579851701401448
1.90422393359642,0.0601647162465535,0.0600444315760793
2.05178858536056,0.0585670751079645,0.0585197593979593
1.95720867386511,0.0591010755573849,0.0586893671025183
2.03328010008851,0.0595254590784184,0.0593278144851931
2.08350194368005,0.0622452319446704,0.06148465207154
1.94263901110527,0.0597659243447949,0.0598337062529849
1.95510373171794,0.0606584352990216,0.0605737163193193
1.99703586781338,0.0611384946764785,0.0608382361321374
1.94409983077905,0.0605785465862055,0.0604372843668538
2.02772818766726,0.0607907522615865,0.0605818440540746
2.00872065888401,0.060964273191294,0.061167421978155
1.94413038519699,0.0566245683943384,0.0564890632055596
2.04040569977389,0.059793965214241,0.0600309653827524
2.00431455652001,0.059245632198765,0.0597378321478561
2.09325873212789,0.0691760699961718,0.0680018433149975
1.95662478392387,0.0590142517790243,0.0592134032152766
2.02442221770266,0.0598316222257441,0.0601468011976715
2.01219685189266,0.0592297888539811,0.0597405560414832
2.08054139691834,0.0603404221032447,0.0603642200792894
2.03293444496629,0.058540167838306,0.0583076920358031
2.03005100804227,0.0587073310893432,0.0586798338816035
2.06978194573968,0.0586478409754364,0.05886571741716
1.93600004210277,0.0616409286985771,0.0621264786206682
2.05383098448563,0.0568179555413118,0.0569498343932702
1.98392027714359,0.0575294775298614,0.0569874077216819
2.02140863847691,0.0601771055494948,0.0602113321076398
2.08176030432512,0.0574419364791891,0.0567058871640484
1.97236110815044,0.0603858522690734,0.0602186102645595
2.01061537461026,0.058963544736922,0.0596830094277658
2.09676605306319,0.0600326493875605,0.0604293268894873
2.08780106513892,0.059171965483135,0.0597205769282293
2.02105017438497,0.0636884748429752,0.0628335400182021
1.98549196105841,0.0603178350646525,0.06064770613209
2.01183793350561,0.0571751631012764,0.0566425749736215
2.07378135244294,0.0598579194334996,0.0603865043000396
1.95782247058869,0.0590295207253093,0.058782168282269
1.89591954853422,0.0576716347173001,0.0583487397347266
1.94391484929807,0.0628105279860977,0.0629789091480094
2.09158787300016,0.0597275161145352,0.0591280532202235
2.01228481423535,0.058485877354067,0.0595786899324758
2.00888006356031,0.0616822516960527,0.0604015136309782
1.95787538719592,0.0645025692041127,0.0642171642143236
2.05246076054644,0.059663747508247,0.058188105850155
1.87080444961332,0.0599549061542916,0.0605837834049219
2.05291236166648,0.0618131250724491,0.0614793094245599
1.94955933144604,0.0616871237674168,0.061365497522735
1.94705498237481,0.0626627144495647,0.0631285036650102
2.0063238510963,0.0581056998667854,0.0575617624426102
1.95867949849945,0.0597728982486386,0.060648416224064
1.94145402788348,0.0637617868154719,0.0635942862749712
2.08153307168232,0.0599545602871439,0.0599124131426917
1.9130832660959,0.0576518215702511,0.0581358652780598
1.94034572980123,0.0590929638550278,0.0594871691847572
2.05206783821219,0.0613717417403096,0.0607406626207604
2.01517403971417,0.0588039095023544,0.0579772583571914
1.9424346911939,0.0594002112902404,0.0591148253349802
1.99413214017042,0.0619929711306117,0.0623483885128564
2.06811992688946,0.0623754357750914,0.0629619278135955
1.94299904079149,0.0586122109367683,0.0587445950436751
1.99908554143678,0.0623923035589727,0.0629811712550365
1.99117761141027,0.0604426165678659,0.0603584099841259
2.07936601289406,0.0590909251645272,0.0591624445401673
1.89106286859645,0.058612166502607,0.0590138862315594
1.99451349653159,0.0601096861536394,0.0601152760265481
2.0679189041113,0.0612170581777892,0.0612001829051864
2.01964770580348,0.0578398616395557,0.0576390619339814
1.99204889411249,0.0619434884867893,0.0619692646503828
1.94703382732181,0.0596277218357569,0.059320487449275
2.05130179963792,0.0581357016324098,0.0580423655551022
2.12131888481003,0.0586277257860519,0.0595077713091433
1.94162480393991,0.0606730296133154,0.0608420073870531
1.9541973094469,0.0618427295006441,0.0618824124465288
1.99918250221428,0.0581031363060884,0.0582628005327835
1.98698279476609,0.059585522090722,0.0591922739730225
1.94420157005687,0.059101707921777,0.0587924819240648
2.00651207888499,0.0599311422866886,0.0599914771823598
2.01751226102389,0.0642323798482011,0.0637074283952126
1.9602927187755,0.0675013836896117,0.0672113445590705
2.0129280965627,0.0591841085575818,0.0594699573205898
1.90173227915569,0.0562889692848644,0.0565001672933954
2.09734195944485,0.0581934972089691,0.0588501719784169
1.9622145187938,0.0609556345919513,0.0608330048785271
1.96256772254962,0.0630214220187669,0.0624719064312765
1.95697648358117,0.0594078762454916,0.0587726578477037
2.09226598526011,0.061437051891472,0.060910002220587
2.09366253495158,0.0588573241347423,0.0595939566970343
2.07124046750972,0.0592514224664808,0.0593014778987568
1.98662683616985,0.0560428886005752,0.0560005123396015
2.06938663178024,0.0571578877316705,0.0574543317527973
1.97728100921145,0.059055209105783,0.0586719757340499
2.07070346318795,0.0607010923740774,0.0602789049970091
1.86997272987635,0.0612548265020956,0.061681499785297
2.01277153877978,0.0608994947560886,0.0603665545397174
2.01952303718987,0.0610797045870268,0.0609564470493374
2.04944090296488,0.0590374757897841,0.0593689636317102
1.98074592487052,0.0553769057921455,0.0547057421897949
1.93352491440389,0.0634629917822828,0.0630779956856577
2.01589663427035,0.0577017310018234,0.0569490862582029
1.88523767796334,0.0596865506127398,0.0592518132699583
1.94788962766487,0.0574331996537054,0.0574661006830983
2.00704811265877,0.0592307941017445,0.0590905901169772
2.00328272741252,0.0616657172891431,0.0618456154600503
2.06785185231398,0.0567091193653846,0.0570886520841376
1.92692207115308,0.0581416999747448,0.057853060012337
1.9542604911345,0.0572049553003447,0.0568322095756059
1.97759474893761,0.059808684443608,0.0603373264528268
2.07698073881029,0.0575150027823903,0.057486386561967
1.93978953590174,0.0609003080871494,0.0607270480911928
1.97186538080628,0.0620982268031984,0.0615525824528583
1.92654247641282,0.0626805105052476,0.0626299044492516
2.01543090938081,0.0599269994018774,0.0593023621923504
2.04369650159978,0.0582716175953165,0.0581329624670276
2.09378646860098,0.0595517889575432,0.0599771235991206
1.96799705087089,0.0597678704592305,0.0593714431209364
1.93817692701863,0.054392968410232,0.0551324345028338
1.94083349882695,0.0597748960720776,0.0596880808370224
2.06126069998664,0.0579043146542787,0.0579576699244879
2.10674776006251,0.0568663193167994,0.0569915453727531
1.98267657927639,0.0586342923179478,0.058363648816889
1.9900168461084,0.0652594379184572,0.0653750305347907
2.06529899784809,0.0590230729634875,0.0588700759405928
2.02829142652651,0.0595653691029379,0.0594055587189336
1.98299315075356,0.0578342203630309,0.0580582330568352
2.09276095103631,0.0597524732192425,0.0599398350433675
2.06676402559355,0.0587452912460204,0.0584366464322884
2.02872634012895,0.0600589348409243,0.0603567942278127
2.00937677548788,0.0576102089292738,0.0577086901760042
2.00433173166131,0.0597419597658145,0.0605007702112473
1.90148804313588,0.0620446462764022,0.062611438884418
1.99205612354699,0.060346795874496,0.0602742080812803
1.99892553097048,0.0615056344698859,0.0617531642416703
1.9165122503549,0.0596332689844159,0.0597340404853736
2.14087153438947,0.0612833050756499,0.0612561062512422
2.01508173401347,0.0609418827283352,0.060864947696795
1.99291764246098,0.0607064429542029,0.060375429508762
2.00964919923848,0.0589238023766623,0.0587369610351194
1.99939327277325,0.0616867118151067,0.061773360528797
2.00169894634909,0.0580500929181848,0.0580240015640993
1.97583136855074,0.0616755054762485,0.0616361181536028
1.96657855256949,0.0592702340097024,0.0592005123739832
2.01085674954723,0.0655323689132825,0.0663334345282424
1.9297065376949,0.0610556211537163,0.0610575509526672
2.10664685650225,0.0607728624403208,0.060473371978095
1.95565640264916,0.0615916274700848,0.0615473554672147
1.89172284262581,0.0575939047978905,0.0576266116804775
1.95594180421571,0.059510439535026,0.0595545364091238
1.91799870894721,0.0600939922852167,0.0595392322251749
1.97864613541683,0.0587131937028373,0.058761843510322
1.97906996318958,0.0590536270831332,0.0590190091875755
1.93300291455987,0.060102286231012,0.0595628812476688
1.97656936453885,0.0600333052649887,0.0605403965572778
2.02015993638711,0.0595361073468543,0.0597076333441928
2.04226118268421,0.0638406228309255,0.0641753397307689
2.10879642427558,0.0576437699007028,0.0575018081038583
2.06809745241186,0.0621123842835495,0.0618828624099917
2.06973367168791,0.0578496311715555,0.0585497748856485
1.95445071053158,0.0585914886103735,0.0584445166161979
2.10636705079133,0.0618340957705462,0.0613058106352841
1.92424955631221,0.0606175279668536,0.0607233935498352
1.94182601572735,0.0544377632126364,0.0545786823449483
1.96650862628617,0.0586455437929636,0.0588484438006942
2.08351996424355,0.0607169076598025,0.0613179109881151
1.96772570604131,0.0632333851203587,0.0629317671537305
2.0230623582057,0.0590063385044152,0.0595199205144391
2.04423971195744,0.0574842887414607,0.057240492978422
2.05236924697798,0.0620193609483985,0.0628184820606503
2.02810667736116,0.060365229849393,0.0604196070551902
1.99430676694902,0.0582228441527052,0.058547075291565
2.02247971187913,0.0601841083505684,0.0604279957012623
2.06692567740916,0.0582823858661462,0.0585210194209921
2.04420357709183,0.0619140690074595,0.0619582747714254
1.99662957412033,0.0602389322097941,0.0595883567658447
1.96926800259354,0.0598647257497808,0.0597092222721043
1.96394099435536,0.0613270174373425,0.0617218089071869
2.00079103897293,0.0660716176619158,0.066195187440243
1.9754655263564,0.0627695142480279,0.0624482492496593
1.98427157583744,0.0632499155362784,0.062953654218469
1.97855567062104,0.0644853048864339,0.064710891223915
1.94610434279201,0.0573221059842311,0.0568691889643013
1.99842021085183,0.0587061177607888,0.0582833687598817
1.91165778831549,0.0656174291842983,0.0652239293762584
1.96249836372506,0.0591631175030789,0.0589699022871264
2.04410968667709,0.0619048586599975,0.0617147455607923
2.02486776523008,0.0613875242020724,0.061486412842401
2.0156522544339,0.0592110202196371,0.059155628116309
1.89727374513575,0.0598558908492059,0.0601125561024811
2.01889014225594,0.0600719812988427,0.0593534029782772
2.03749636278897,0.0620318747000091,0.0621461090161201
1.94798158931107,0.0576519723545422,0.0579892195544728
1.95149986904305,0.0611075636295606,0.0613238572577529
2.02374660394835,0.0599906114700901,0.0604294393350096
2.0856725931423,0.0568322944429556,0.0571174141436592
1.98618578454568,0.0583013197267289,0.0586547990312511
2.03393236804097,0.0614543753802897,0.0616061725545913
1.93830094788474,0.0586535491593896,0.0577139633999694
1.92812792411893,0.0622672412824117,0.0630133553616375
1.9728692363158,0.063392009210545,0.0632456448867721
2.01680815590079,0.0607187079693055,0.0607128220510048
2.00529389907429,0.0601219354876025,0.0599464208318589
2.09424023495275,0.0579916803238971,0.0576250874932397
1.92022715166595,0.0600196818313899,0.0600589901378822
2.04678105465175,0.057078720691143,0.0568085227415715
2.08111174444476,0.0560917573396008,0.0563166872332824
1.98770789018353,0.0584919351029686,0.058444936388042
2.04787353092137,0.0571768321307088,0.0570193697145676
2.0693589102452,0.058884716405932,0.058281425849306
2.07553527299663,0.0599038004130949,0.0595766078702583
1.99547560472156,0.0632882785703832,0.0628036049126683
1.9922644519406,0.0581112333707305,0.0583238217381864
1.92840783803168,0.0592293433663567,0.0589213134926155
1.99531950319115,0.0587638387969486,0.0589789708707091
2.05443329483627,0.0595011248520765,0.0591453117876619
1.96078303109883,0.0602752484233781,0.060017956787708
2.03188144328682,0.0601677288766742,0.0607770657513408
2.04109170339722,0.0633199000714753,0.0633987228968725
1.99689353248233,0.0584336683631214,0.0587159485841254
2.026920020683,0.0608826984759474,0.060739395580962
2.06022192349674,0.0608373268763261,0.0612026418048268
1.9589300240071,0.0575944560089638,0.0578002238254236
1.96777252186394,0.0605049784889898,0.0602479421701503
1.9992601943123,0.0603648969001763,0.0603224117618853
2.13310572190355,0.0610410035099574,0.0610430676334182
1.86960230293942,0.0620651457902661,0.0617740187848935
2.00615272652197,0.0602135842286412,0.0601653859513894
2.0426671212284,0.0582569842296393,0.0583570988888428
2.00623751170449,0.0599161718117954,0.0597915498806674
1.95158259438126,0.0569612672203814,0.056681333398399
1.97757297581385,0.060552093859953,0.0606510597962276
2.01849302796313,0.0599639064747973,0.059290613663043
1.96433159784646,0.0550978464077787,0.0549829847497672
1.99562159997758,0.0591570742619288,0.059324909530129
1.83443141799325,0.0578030006616392,0.058205388358112
1.94665228509269,0.0574271623535829,0.0570373300993347
1.94788663179089,0.0610093133308066,0.0599102613788047
2.06771494230529,0.0600589666078107,0.0603674146864467
1.89969009975127,0.061137439520598,0.060839395995571
1.96666947167267,0.0614446032336043,0.0614211048217412
1.94978610161716,0.0623875699690689,0.0627156345339741
2.11416842376688,0.0601567425994306,0.0605858830654429
1.97304395433555,0.0621098745528048,0.0622407872651548
2.00262829373743,0.060945665034928,0.0610988324731007
1.96431506660951,0.0628646411684816,0.0623570313598873
2.12786125437497,0.0597182148290813,0.0595284181880019
2.11087585677114,0.0577580285664206,0.0565980325935372
2.05670170482864,0.0587541747350282,0.0593440537626233
1.94355672626386,0.0610681027537842,0.0610285637371941
1.99397029986194,0.0609649779114408,0.0616954469892205
2.02489595219673,0.0588253398161851,0.0591975448182618
2.03839046242201,0.059558593155044,0.0593274775915249
1.9993440009034,0.0595277480956642,0.0591251994546008
1.94952547446378,0.0623701454368153,0.0624196644964967
2.01688760636948,0.0609976599198829,0.0612623069287298
1.98714187763306,0.0583299902379979,0.0583692554259371
2.04554941194331,0.060086802695749,0.0598337360064179
1.88726602375242,0.0679375433214436,0.0676680379395465
1.81761579044085,0.0584370058568795,0.0585738972977345
1.95366153557807,0.0572568712086685,0.0568271831287941
2.00262826281311,0.0617949116506544,0.061619812298448
2.12167159619248,0.0579966564864494,0.0583162776388883
2.026821657535,0.0579495585601841,0.0579201952098858
2.04212699594725,0.0609934955225153,0.0611723533977451
1.97384767842819,0.0579837569373644,0.0579152075804215
2.04138597332898,0.062463796392829,0.0618975534209314
1.96442019526838,0.0626437971176955,0.0630920653018735
1.94088255478444,0.0593453836816603,0.0595431431732028
2.04463972282445,0.0591129147805626,0.0596949229936893
2.05454590576979,0.0641932179541982,0.063308655129585
2.06012451014023,0.060385251842473,0.0606337156804226
1.98753898318007,0.0608122619852234,0.0601699444168546
1.98594687944883,0.0591986211385282,0.0587553473648633
2.01117069654059,0.0580411039756345,0.0570693077682603
2.05492351721876,0.0617308518377406,0.0620420550328287
1.94388893609349,0.0615421317151432,0.0613967042625301
1.99639223933605,0.0582051449693478,0.0583520420523594
2.07689637091511,0.0618108025477078,0.0618265868728057
1.89710055181593,0.0629238095939123,0.0625053611716685
2.02237919570153,0.0561821038680078,0.0565148235428627
1.98259779009599,0.0596533875640672,0.0595433969477581
2.04763555622191,0.0626944295173988,0.0624606449418077
1.90624691193607,0.0603469629513381,0.0606460116583346
2.00861305427704,0.0591861681561876,0.059230764697062
1.91634803689925,0.059995030017951,0.0593228843507661
1.9038945930913,0.0584195329152234,0.0579012564773911
1.93118899896014,0.0618265273459838,0.0611935531251305
2.07253856021809,0.06600685039233,0.0669461091121287
1.91751457422259,0.0650762826111674,0.0642632572448573
1.95037516016148,0.0593077999561283,0.0593461689641875
2.04055264210027,0.062414395385441,0.062249851906652
2.01012065044629,0.0547592182769918,0.0541122354308533
2.02825135528164,0.0583303472568178,0.0578546298375566
1.98779491554952,0.0593497933508402,0.0588978235548022
2.05877910791658,0.0594370068881492,0.0587954083356164
1.97928828546736,0.0580957844916942,0.0578515635541984
1.90637718995167,0.059195649212224,0.0587425062836552
2.09025261456372,0.0613768854449917,0.0615261961231448
2.06384479814556,0.0570493182214031,0.056936834931992
1.97465679879621,0.0616597979427326,0.0618715310846449
1.93381997855146,0.0623824610017229,0.0627809347387599
2.0207795204189,0.0578675696662371,0.0578197230168772
1.95841239345636,0.0668276542283731,0.0669359306025825
1.99006306699216,0.0586187451931343,0.0588258223802782
2.03261008121553,0.0583896837985217,0.0583058927012829
1.92294468860165,0.0592835460777122,0.0594450252108096
2.0589858115156,0.0608815492933662,0.0607335917227537
2.07012873296436,0.063675679757415,0.0638598816475727
1.96958456192499,0.0585280754356879,0.0583718209718973
1.98321919553605,0.057326064429632,0.057602850208182
1.994425475493,0.0590815925569434,0.0590094715346135
2.05005772155318,0.060985612251563,0.0606697533909363
2.04691797989573,0.0624377386884912,0.0628040650005735
1.86291916766221,0.058612215083201,0.05874283701254
2.00506319530699,0.0605373226772597,0.0609296922958574
1.94536317048514,0.0567805275850301,0.0568319257031777
2.05632516470772,0.0588539827499623,0.0590996805805363
2.00119401784035,0.0621597041715933,0.0624883788881819
2.05686589770446,0.0576027861628444,0.0573688604133215
1.94742032262719,0.0601912780586763,0.0598008186184794
1.87861270868376,0.0588957939704347,0.0588120507522173
1.93637576717006,0.0597487093037852,0.059859121770265
2.01700290128152,0.060172620346177,0.0598759256256655
1.93780701024034,0.0612417104228118,0.0614956956953078
2.00657569716719,0.0610483812027638,0.0615181844579453
1.95092518922007,0.0575203358325131,0.0579168760350734
2.02399813084798,0.0573330640671593,0.0573348339232213
1.95834772512607,0.0579105286705701,0.0577360066855472
1.87599952337598,0.0599167527748362,0.0601186671296542
1.95590459956453,0.0637355966219369,0.0631141817984179
1.99481229604058,0.05849105491327,0.0580400902866359
2.05113112834262,0.058226781499862,0.0580331127347973
1.9670524046451,0.0602068439075931,0.0606256612295029
2.10870815094341,0.0590318271141946,0.0593856538703559
2.01811673182297,0.0607390505803448,0.0607157671296886
1.98181211113717,0.0567303028692321,0.0564611072080854
1.97283887307272,0.0605613580040647,0.0604684566306599
1.99332873499317,0.060313444543461,0.060848996795095
1.96441951584496,0.0567696410803955,0.0565435499103814
1.96133071145435,0.0636164246943228,0.0637047696972735
1.99349339449898,0.0585007457049817,0.0581588785871369
1.87367003365442,0.0597204344689998,0.0599657350583999
1.99253073029583,0.0601515067530836,0.0601995363257316
2.00374276294398,0.0622594827971553,0.062137834331787
1.98696521189077,0.0584872983549671,0.0578839785304857
2.06440811011726,0.0620748494515392,0.0620938754466644
1.8851003257106,0.0635652519439275,0.0631754055467249
2.05079402457112,0.0613921564966521,0.0619227744078884
1.9132267119087,0.0575030767502722,0.0564946133011168
2.08036002723755,0.0617649059211419,0.0622259512068905
1.99415829204071,0.0604784569212161,0.0606499271054764
1.96319915896661,0.0594959125241158,0.0587714532076175
2.01973861460318,0.0595164656522843,0.0601641665966459
1.95362322281669,0.0580080096633032,0.0577260611676425
1.98764572356678,0.0642552716455724,0.0646071537663123
1.96370987178096,0.0602484648785747,0.0607510149142164
1.9450101453998,0.0624509089020901,0.0629518759815589
1.96413626046483,0.0590143697656525,0.059085368838786
2.14529244332157,0.0593069075243503,0.0597531407499596
